-- MySQL dump 10.13  Distrib 5.1.73, for redhat-linux-gnu (x86_64)
--
-- Host: localhost    Database: dnote
-- ------------------------------------------------------
-- Server version	5.1.73

/*!40101 SET @OLD_CHARACTER_SET_CLIENT=@@CHARACTER_SET_CLIENT */;
/*!40101 SET @OLD_CHARACTER_SET_RESULTS=@@CHARACTER_SET_RESULTS */;
/*!40101 SET @OLD_COLLATION_CONNECTION=@@COLLATION_CONNECTION */;
/*!40101 SET NAMES utf8 */;
/*!40103 SET @OLD_TIME_ZONE=@@TIME_ZONE */;
/*!40103 SET TIME_ZONE='+00:00' */;
/*!40014 SET @OLD_UNIQUE_CHECKS=@@UNIQUE_CHECKS, UNIQUE_CHECKS=0 */;
/*!40014 SET @OLD_FOREIGN_KEY_CHECKS=@@FOREIGN_KEY_CHECKS, FOREIGN_KEY_CHECKS=0 */;
/*!40101 SET @OLD_SQL_MODE=@@SQL_MODE, SQL_MODE='NO_AUTO_VALUE_ON_ZERO' */;
/*!40111 SET @OLD_SQL_NOTES=@@SQL_NOTES, SQL_NOTES=0 */;

--
-- Table structure for table `category_selects`
--

DROP TABLE IF EXISTS `category_selects`;
/*!40101 SET @saved_cs_client     = @@character_set_client */;
/*!40101 SET character_set_client = utf8 */;
CREATE TABLE `category_selects` (
  `id` int(11) NOT NULL AUTO_INCREMENT,
  `recipe_id` int(11) DEFAULT NULL,
  `menu_id` int(11) DEFAULT NULL,
  `category_number` int(11) DEFAULT NULL,
  `created_at` datetime DEFAULT NULL,
  `updated_at` datetime DEFAULT NULL,
  `category` int(11) DEFAULT NULL,
  `category_number2` int(11) DEFAULT NULL,
  `category_number3` int(11) DEFAULT NULL,
  `category_number4` int(11) DEFAULT NULL,
  `category_number5` int(11) DEFAULT NULL,
  `category_number6` int(11) DEFAULT NULL,
  PRIMARY KEY (`id`)
) ENGINE=InnoDB AUTO_INCREMENT=46 DEFAULT CHARSET=utf8;
/*!40101 SET character_set_client = @saved_cs_client */;

--
-- Dumping data for table `category_selects`
--

LOCK TABLES `category_selects` WRITE;
/*!40000 ALTER TABLE `category_selects` DISABLE KEYS */;
INSERT INTO `category_selects` VALUES (1,4,NULL,NULL,'2015-03-30 02:51:04','2015-03-30 02:51:04',NULL,0,0,1,1,NULL),(3,6,NULL,NULL,'2015-03-30 02:58:32','2015-03-30 02:58:32',NULL,0,1,0,1,NULL),(7,NULL,6,NULL,'2015-04-01 23:41:52','2015-04-01 23:41:52',NULL,0,0,0,0,NULL),(8,NULL,7,NULL,'2015-04-01 23:50:25','2015-04-01 23:50:25',NULL,0,0,0,1,NULL),(9,8,NULL,NULL,'2015-04-02 00:15:37','2015-04-02 00:15:37',NULL,0,0,0,1,NULL),(12,9,NULL,NULL,'2015-04-02 03:43:18','2015-04-02 03:43:18',NULL,0,0,0,1,NULL),(13,NULL,10,NULL,'2015-04-02 04:20:01','2015-04-02 04:20:01',NULL,0,0,0,1,NULL),(14,NULL,11,NULL,'2015-04-02 04:24:12','2015-04-02 04:24:12',NULL,0,1,0,0,NULL),(15,10,NULL,NULL,'2015-04-02 08:24:09','2015-04-02 08:24:09',NULL,0,0,0,1,NULL),(16,NULL,12,NULL,'2015-04-03 00:37:27','2015-04-03 00:37:27',NULL,0,0,1,0,NULL),(17,11,NULL,NULL,'2015-04-03 00:47:16','2015-04-03 00:47:16',NULL,0,0,0,1,NULL),(18,12,NULL,NULL,'2015-04-03 00:56:31','2015-04-03 00:56:31',NULL,0,0,0,1,NULL),(19,13,NULL,NULL,'2015-04-03 01:08:38','2015-04-03 01:08:38',NULL,0,0,0,1,NULL),(20,NULL,13,NULL,'2015-04-03 01:11:58','2015-04-03 01:11:58',NULL,0,1,0,0,NULL),(21,14,NULL,NULL,'2015-04-03 23:51:53','2015-04-03 23:51:53',NULL,0,0,1,0,NULL),(22,15,NULL,NULL,'2015-04-03 23:51:57','2015-04-03 23:51:57',NULL,0,0,1,0,NULL),(23,16,NULL,NULL,'2015-04-04 00:00:15','2015-04-04 00:00:15',NULL,0,0,0,1,NULL),(24,17,NULL,NULL,'2015-04-04 00:07:02','2015-04-04 00:07:02',NULL,0,0,0,1,NULL),(25,NULL,14,NULL,'2015-04-04 00:10:38','2015-04-04 00:10:38',NULL,0,0,1,0,NULL),(26,18,NULL,NULL,'2015-04-04 00:26:40','2015-04-04 00:26:40',NULL,0,0,0,1,NULL),(27,NULL,15,NULL,'2015-04-04 00:30:11','2015-04-04 00:30:11',NULL,0,0,0,1,NULL),(28,NULL,16,NULL,'2015-04-04 00:33:48','2015-04-04 00:33:48',NULL,0,0,1,0,NULL),(30,19,NULL,NULL,'2015-04-09 09:58:02','2015-04-09 09:58:02',NULL,0,0,0,1,0),(31,20,NULL,NULL,'2015-04-16 04:13:30','2015-04-16 04:13:30',NULL,1,0,0,0,0),(32,21,NULL,NULL,'2015-04-22 11:31:36','2015-04-22 11:31:36',NULL,0,0,0,1,0),(33,22,NULL,NULL,'2015-04-22 11:36:50','2015-04-22 11:37:22',NULL,0,0,0,1,0),(34,NULL,18,NULL,'2015-04-22 11:38:41','2015-04-22 11:38:41',NULL,0,0,0,0,1),(35,23,NULL,NULL,'2015-04-30 13:00:13','2015-04-30 13:00:13',NULL,0,0,1,0,1),(36,24,NULL,NULL,'2015-05-05 04:51:29','2015-05-05 04:51:29',NULL,0,0,0,1,0),(37,25,NULL,NULL,'2015-05-07 13:54:01','2015-05-07 13:54:01',NULL,1,0,1,1,0),(38,26,NULL,NULL,'2015-05-07 14:31:54','2015-05-07 14:31:54',NULL,1,0,1,1,0),(39,27,NULL,NULL,'2015-05-11 06:40:04','2015-05-11 06:40:04',NULL,1,0,1,1,0),(40,28,NULL,NULL,'2015-05-11 07:25:16','2015-05-11 07:25:16',NULL,1,0,1,1,0),(41,NULL,19,NULL,'2015-05-11 07:27:19','2015-05-11 07:27:19',NULL,1,0,1,1,0),(42,29,NULL,NULL,'2015-05-12 09:52:36','2015-05-12 09:52:36',NULL,0,0,0,1,0),(43,30,NULL,NULL,'2015-05-12 10:05:16','2015-05-12 10:05:16',NULL,0,0,0,1,0),(44,31,NULL,NULL,'2015-05-13 05:43:50','2015-05-13 05:43:50',NULL,0,0,0,1,0),(45,32,NULL,NULL,'2015-05-13 06:06:08','2015-05-13 06:06:08',NULL,0,0,0,1,0);
/*!40000 ALTER TABLE `category_selects` ENABLE KEYS */;
UNLOCK TABLES;

--
-- Table structure for table `columns`
--

DROP TABLE IF EXISTS `columns`;
/*!40101 SET @saved_cs_client     = @@character_set_client */;
/*!40101 SET character_set_client = utf8 */;
CREATE TABLE `columns` (
  `id` int(11) NOT NULL AUTO_INCREMENT,
  `created_at` datetime DEFAULT NULL,
  `updated_at` datetime DEFAULT NULL,
  `nutritionist_id` varchar(255) DEFAULT NULL,
  `body` varchar(255) DEFAULT NULL,
  `title` varchar(255) DEFAULT NULL,
  `permission` int(11) DEFAULT NULL,
  PRIMARY KEY (`id`)
) ENGINE=InnoDB AUTO_INCREMENT=2 DEFAULT CHARSET=utf8;
/*!40101 SET character_set_client = @saved_cs_client */;

--
-- Dumping data for table `columns`
--

LOCK TABLES `columns` WRITE;
/*!40000 ALTER TABLE `columns` DISABLE KEYS */;
INSERT INTO `columns` VALUES (1,'2015-04-02 03:25:51','2015-04-24 02:25:49','1','健康診断で「糖尿病のけがありますね」と指摘される人、多いですよね。そんなときは、大いに危機感をもって...','糖尿病で気をつけなければいけないことって？',1);
/*!40000 ALTER TABLE `columns` ENABLE KEYS */;
UNLOCK TABLES;

--
-- Table structure for table `contacts`
--

DROP TABLE IF EXISTS `contacts`;
/*!40101 SET @saved_cs_client     = @@character_set_client */;
/*!40101 SET character_set_client = utf8 */;
CREATE TABLE `contacts` (
  `id` int(11) NOT NULL AUTO_INCREMENT,
  `email` varchar(255) DEFAULT NULL,
  `body` varchar(255) DEFAULT NULL,
  `created_at` datetime DEFAULT NULL,
  `updated_at` datetime DEFAULT NULL,
  PRIMARY KEY (`id`)
) ENGINE=InnoDB DEFAULT CHARSET=utf8;
/*!40101 SET character_set_client = @saved_cs_client */;

--
-- Dumping data for table `contacts`
--

LOCK TABLES `contacts` WRITE;
/*!40000 ALTER TABLE `contacts` DISABLE KEYS */;
/*!40000 ALTER TABLE `contacts` ENABLE KEYS */;
UNLOCK TABLES;

--
-- Table structure for table `favorite_menus`
--

DROP TABLE IF EXISTS `favorite_menus`;
/*!40101 SET @saved_cs_client     = @@character_set_client */;
/*!40101 SET character_set_client = utf8 */;
CREATE TABLE `favorite_menus` (
  `id` int(11) NOT NULL AUTO_INCREMENT,
  `user_id` int(11) DEFAULT NULL,
  `menu_id` int(11) DEFAULT NULL,
  `created_at` datetime DEFAULT NULL,
  `updated_at` datetime DEFAULT NULL,
  PRIMARY KEY (`id`)
) ENGINE=InnoDB DEFAULT CHARSET=utf8;
/*!40101 SET character_set_client = @saved_cs_client */;

--
-- Dumping data for table `favorite_menus`
--

LOCK TABLES `favorite_menus` WRITE;
/*!40000 ALTER TABLE `favorite_menus` DISABLE KEYS */;
/*!40000 ALTER TABLE `favorite_menus` ENABLE KEYS */;
UNLOCK TABLES;

--
-- Table structure for table `favorites`
--

DROP TABLE IF EXISTS `favorites`;
/*!40101 SET @saved_cs_client     = @@character_set_client */;
/*!40101 SET character_set_client = utf8 */;
CREATE TABLE `favorites` (
  `id` int(11) NOT NULL AUTO_INCREMENT,
  `user_id` int(11) DEFAULT NULL,
  `recipe_id` int(11) DEFAULT NULL,
  `created_at` datetime DEFAULT NULL,
  `updated_at` datetime DEFAULT NULL,
  PRIMARY KEY (`id`),
  UNIQUE KEY `index_favorites_on_user_id_and_recipe_id` (`user_id`,`recipe_id`) USING BTREE
) ENGINE=InnoDB AUTO_INCREMENT=10 DEFAULT CHARSET=utf8;
/*!40101 SET character_set_client = @saved_cs_client */;

--
-- Dumping data for table `favorites`
--

LOCK TABLES `favorites` WRITE;
/*!40000 ALTER TABLE `favorites` DISABLE KEYS */;
INSERT INTO `favorites` VALUES (1,2,5,'2015-03-30 03:09:15','2015-03-30 03:09:15'),(2,2,6,'2015-03-30 03:09:17','2015-03-30 03:09:17'),(3,4,20,'2015-04-16 04:16:51','2015-04-16 04:16:51'),(5,10,25,'2015-05-07 14:00:58','2015-05-07 14:00:58'),(6,10,26,'2015-05-07 14:32:12','2015-05-07 14:32:12'),(7,9,29,'2015-05-12 09:52:47','2015-05-12 09:52:47'),(8,11,31,'2015-05-13 05:44:06','2015-05-13 05:44:06'),(9,11,32,'2015-05-13 06:07:25','2015-05-13 06:07:25');
/*!40000 ALTER TABLE `favorites` ENABLE KEYS */;
UNLOCK TABLES;

--
-- Table structure for table `feedbacks`
--

DROP TABLE IF EXISTS `feedbacks`;
/*!40101 SET @saved_cs_client     = @@character_set_client */;
/*!40101 SET character_set_client = utf8 */;
CREATE TABLE `feedbacks` (
  `id` int(11) NOT NULL AUTO_INCREMENT,
  `user_id` int(11) DEFAULT NULL,
  `body` varchar(255) DEFAULT NULL,
  `created_at` datetime DEFAULT NULL,
  `updated_at` datetime DEFAULT NULL,
  PRIMARY KEY (`id`)
) ENGINE=InnoDB DEFAULT CHARSET=utf8;
/*!40101 SET character_set_client = @saved_cs_client */;

--
-- Dumping data for table `feedbacks`
--

LOCK TABLES `feedbacks` WRITE;
/*!40000 ALTER TABLE `feedbacks` DISABLE KEYS */;
/*!40000 ALTER TABLE `feedbacks` ENABLE KEYS */;
UNLOCK TABLES;

--
-- Table structure for table `ingredients`
--

DROP TABLE IF EXISTS `ingredients`;
/*!40101 SET @saved_cs_client     = @@character_set_client */;
/*!40101 SET character_set_client = utf8 */;
CREATE TABLE `ingredients` (
  `id` int(11) NOT NULL AUTO_INCREMENT,
  `name` varchar(255) DEFAULT NULL,
  `recipe_id` int(11) DEFAULT NULL,
  `volume` varchar(255) DEFAULT NULL,
  `order_code` int(11) DEFAULT NULL,
  `created_at` datetime DEFAULT NULL,
  `updated_at` datetime DEFAULT NULL,
  PRIMARY KEY (`id`)
) ENGINE=InnoDB AUTO_INCREMENT=261 DEFAULT CHARSET=utf8;
/*!40101 SET character_set_client = @saved_cs_client */;

--
-- Dumping data for table `ingredients`
--

LOCK TABLES `ingredients` WRITE;
/*!40000 ALTER TABLE `ingredients` DISABLE KEYS */;
INSERT INTO `ingredients` VALUES (1,'アボカド',4,'１/２個',NULL,'2015-03-30 02:51:04','2015-03-30 02:51:04'),(2,'豆腐',4,'半丁',NULL,'2015-03-30 02:51:04','2015-03-30 02:51:04'),(3,'プチトマト',4,'２、３こ',NULL,'2015-03-30 02:51:04','2015-03-30 02:51:04'),(4,'オリーブ',4,'２、３粒',NULL,'2015-03-30 02:51:04','2015-03-30 02:51:04'),(5,'EXオリーブオイル（☆）',4,'大さじ３',NULL,'2015-03-30 02:51:04','2015-03-30 02:51:04'),(6,'わさび（☆）',4,'小さじ１',NULL,'2015-03-30 02:51:04','2015-03-30 02:51:04'),(7,'醤油（☆）',4,'小さじ１',NULL,'2015-03-30 02:51:04','2015-03-30 02:51:04'),(8,'塩（☆）',4,'小さじ２分の１',NULL,'2015-03-30 02:51:04','2015-03-30 02:51:04'),(9,'だしの素顆粒（☆）',4,'小さじ２分の１',NULL,'2015-03-30 02:51:04','2015-03-30 02:51:04'),(10,'レモンの絞り汁（☆）',4,'大さじ１',NULL,'2015-03-30 02:51:04','2015-03-30 02:51:04'),(11,'豚ロース肉（豚カツ用）',5,'2枚',NULL,'2015-03-30 02:55:57','2015-03-30 02:55:57'),(12,'塩・こしょう',5,'各少々',NULL,'2015-03-30 02:55:57','2015-03-30 02:55:57'),(13,'高野豆腐',5,'1個（20g）',NULL,'2015-03-30 02:55:57','2015-03-30 02:55:57'),(14,'粉チーズ',5,'大さじ2',NULL,'2015-03-30 02:55:57','2015-03-30 02:55:57'),(15,'小麦粉',5,'小さじ2',NULL,'2015-03-30 02:55:57','2015-03-30 02:55:57'),(16,'溶き卵',5,'小さじ2',NULL,'2015-03-30 02:55:57','2015-03-30 02:55:57'),(17,'揚げ油',5,'適量',NULL,'2015-03-30 02:55:57','2015-03-30 02:55:57'),(18,'キャベツ(千切り)',5,'100g',NULL,'2015-03-30 02:55:57','2015-03-30 02:55:57'),(19,'ミニトマト',5,'4個',NULL,'2015-03-30 02:55:57','2015-03-30 02:55:57'),(20,'新芽わかめ（おさしみわかめ）',6,'100ｇ',NULL,'2015-03-30 02:58:32','2015-03-30 02:58:32'),(21,'ちりめんじゃこ',6,'50ｇ',NULL,'2015-03-30 02:58:32','2015-03-30 02:58:32'),(22,'キャベツのうまたれ',6,'適宜',NULL,'2015-03-30 02:58:32','2015-03-30 02:58:32'),(23,'梅酒',7,'大さじ2',NULL,'2015-03-31 04:50:13','2015-03-31 04:50:13'),(24,'粉ゼラチン',7,'2〜3g',NULL,'2015-03-31 04:50:13','2015-03-31 04:50:13'),(25,'お湯（80度くらい）',7,'150cc',NULL,'2015-03-31 04:50:13','2015-03-31 04:50:13'),(26,'エリスリム',7,'小さじ1/2',NULL,'2015-03-31 04:50:13','2015-03-31 04:50:13'),(27,'⬆︎お砂糖なら',7,'5g',NULL,'2015-03-31 04:50:13','2015-03-31 04:50:13'),(28,'市販の豆腐ハンバーグ',8,'１個',NULL,'2015-04-02 00:15:37','2015-04-02 00:15:37'),(29,'発芽玄米ご飯（玄米ご飯や白米でも問題なし）',8,'180ｇ',NULL,'2015-04-02 00:15:37','2015-04-02 00:15:37'),(30,'卵',8,'１個',NULL,'2015-04-02 00:15:37','2015-04-02 00:15:37'),(31,'ミニトマト',8,'１個',NULL,'2015-04-02 00:15:37','2015-04-02 00:15:37'),(32,'市販のカット野菜',8,'１袋',NULL,'2015-04-02 00:15:37','2015-04-02 00:15:37'),(33,'市販のデミグラスソース',8,'60ｇ',NULL,'2015-04-02 00:15:37','2015-04-02 00:15:37'),(34,'中農ソース',8,'大さし1',NULL,'2015-04-02 00:15:37','2015-04-02 00:15:37'),(35,'ケチャップ',8,'大さじ1',NULL,'2015-04-02 00:15:37','2015-04-02 00:15:37'),(36,'メイプルシロップ（ハチミツでもOK)',8,'小さじ1',NULL,'2015-04-02 00:15:37','2015-04-02 00:15:37'),(37,'チューブからし',8,'5cmくらい',NULL,'2015-04-02 00:15:37','2015-04-02 00:15:37'),(38,'赤ワイン',8,'50㏄',NULL,'2015-04-02 00:15:37','2015-04-02 00:15:37'),(39,'マヨネーズ',8,'適量',NULL,'2015-04-02 00:15:37','2015-04-02 00:15:37'),(40,'オリーブオイル',8,'大さじ1',NULL,'2015-04-02 00:15:37','2015-04-02 00:15:37'),(41,'市販のタコスシーズニング',9,'2袋',NULL,'2015-04-02 03:43:18','2015-04-02 03:43:18'),(42,'豚ひき肉',9,'200g',NULL,'2015-04-02 03:43:18','2015-04-02 03:43:18'),(43,'①セロリ',9,'1/2本',NULL,'2015-04-02 03:43:18','2015-04-02 03:43:18'),(44,'①玉ねぎ',9,'1/2個',NULL,'2015-04-02 03:43:18','2015-04-02 03:43:18'),(45,'①ニンニクみじん切り',9,'大さじ1',NULL,'2015-04-02 03:43:18','2015-04-02 03:43:18'),(46,'①ショウガみじん切り',9,'大さじ1',NULL,'2015-04-02 03:43:18','2015-04-02 03:43:18'),(47,'オリーブオイル',9,'大さじ1',NULL,'2015-04-02 03:43:18','2015-04-02 03:43:18'),(48,'マヨネーズ（トクホ）',9,'大さじ1',NULL,'2015-04-02 03:43:18','2015-04-02 03:43:18'),(49,'水菜　',9,'1束',NULL,'2015-04-02 03:43:18','2015-04-02 03:43:18'),(50,'アボガド',9,'1/2個',NULL,'2015-04-02 03:43:18','2015-04-02 03:43:18'),(51,'プチトマト',9,'5～6個',NULL,'2015-04-02 03:43:18','2015-04-02 03:43:18'),(52,'ピザ用チーズ',9,'適量',NULL,'2015-04-02 03:43:18','2015-04-02 03:43:18'),(53,'玄米ご飯',9,'180ｇ',NULL,'2015-04-02 03:43:18','2015-04-02 03:43:18'),(54,'刻みパセリ',9,'適量',NULL,'2015-04-02 03:43:18','2015-04-02 03:43:18'),(55,'白ワイン　',9,'75cc',NULL,'2015-04-02 03:43:18','2015-04-02 03:43:18'),(56,'ベーコン',10,'3～4枚',NULL,'2015-04-02 08:24:09','2015-04-02 08:24:09'),(57,'ミニトマト',10,'5～６個',NULL,'2015-04-02 08:24:09','2015-04-02 08:24:09'),(58,'市販のポテトサラダ',10,'適量',NULL,'2015-04-02 08:24:09','2015-04-02 08:24:09'),(59,'カブ',10,'１個',NULL,'2015-04-02 08:24:09','2015-04-02 08:24:09'),(60,'市販のミートソース',10,'1/2袋',NULL,'2015-04-02 08:24:09','2015-04-02 08:24:09'),(61,'スライスチーズ',10,'１枚（１皿）',NULL,'2015-04-02 08:24:09','2015-04-02 08:24:09'),(62,'オリーブオイル',10,'適量',NULL,'2015-04-02 08:24:09','2015-04-02 08:24:09'),(63,'パン粉',10,'適量',NULL,'2015-04-02 08:24:09','2015-04-02 08:24:09'),(64,'刻みパセリ',10,'適量',NULL,'2015-04-02 08:24:09','2015-04-02 08:24:09'),(65,'ブリ柵（刺身用切り身でもOK）',11,'１本',NULL,'2015-04-03 00:47:16','2015-04-03 00:47:16'),(66,'醤油',11,'50㏄',NULL,'2015-04-03 00:47:16','2015-04-03 00:47:16'),(67,'酒50cc',11,'50cc',NULL,'2015-04-03 00:47:16','2015-04-03 00:47:16'),(68,'ショウガ',11,'大さじ2',NULL,'2015-04-03 00:47:16','2015-04-03 00:47:16'),(69,'ニンニク',11,'大さじ2',NULL,'2015-04-03 00:47:16','2015-04-03 00:47:16'),(70,'ごま油',11,'小さじ1',NULL,'2015-04-03 00:47:16','2015-04-03 00:47:16'),(71,'刻み芽ネギ',11,'適量',NULL,'2015-04-03 00:47:16','2015-04-03 00:47:16'),(72,'おろし生姜',11,'適量',NULL,'2015-04-03 00:47:16','2015-04-03 00:47:16'),(73,'わさび',11,'お好みで',NULL,'2015-04-03 00:47:16','2015-04-03 00:47:16'),(74,'大根',12,'5㎝位',NULL,'2015-04-03 00:56:31','2015-04-03 00:56:31'),(75,'玉ねぎ',12,'半分',NULL,'2015-04-03 00:56:31','2015-04-03 00:56:31'),(76,'人参',12,'半分',NULL,'2015-04-03 00:56:31','2015-04-03 00:56:31'),(77,'豚肉',12,'180g',NULL,'2015-04-03 00:56:31','2015-04-03 00:56:31'),(78,'水',12,'700cc',NULL,'2015-04-03 00:56:31','2015-04-03 00:56:31'),(79,'市販の和風だし',12,'大さじ1',NULL,'2015-04-03 00:56:31','2015-04-03 00:56:31'),(80,'刻み生姜',12,'大さじ1',NULL,'2015-04-03 00:56:31','2015-04-03 00:56:31'),(81,'こんにゃく',12,'1/2枚',NULL,'2015-04-03 00:56:31','2015-04-03 00:56:31'),(82,'ネギ',12,'適量',NULL,'2015-04-03 00:56:31','2015-04-03 00:56:31'),(83,'ごま油',12,'適量',NULL,'2015-04-03 00:56:31','2015-04-03 00:56:31'),(84,'ミックスビーンズ（缶詰でも袋詰めでもOK）',13,'1缶',NULL,'2015-04-03 01:08:38','2015-04-03 01:08:38'),(85,'キュウリ',13,'1/2本',NULL,'2015-04-03 01:08:38','2015-04-03 01:08:38'),(86,'マヨネーズ（トクホ）',13,'大さじ2',NULL,'2015-04-03 01:08:38','2015-04-03 01:08:38'),(87,'わさび',13,'5㎝',NULL,'2015-04-03 01:08:38','2015-04-03 01:08:38'),(88,'ノンオイルドレッシング　サウザン味',13,'大さじ1',NULL,'2015-04-03 01:08:38','2015-04-03 01:08:38'),(89,'レモン果汁',13,'適量',NULL,'2015-04-03 01:08:38','2015-04-03 01:08:38'),(90,'黒コショウ',13,'適量',NULL,'2015-04-03 01:08:38','2015-04-03 01:08:38'),(91,'刻みパセリ',13,'適量',NULL,'2015-04-03 01:08:38','2015-04-03 01:08:38'),(92,'豚肩ロース生姜焼き用',14,'7～8枚',NULL,'2015-04-03 23:51:52','2015-04-03 23:51:52'),(93,'玉ねぎ',14,'1/2個',NULL,'2015-04-03 23:51:52','2015-04-03 23:51:52'),(94,'①おろし生姜',14,'大さじ2',NULL,'2015-04-03 23:51:52','2015-04-03 23:51:52'),(95,'①おろしにんにく',14,'大さじ2',NULL,'2015-04-03 23:51:52','2015-04-03 23:51:52'),(96,'①酒',14,'100cc',NULL,'2015-04-03 23:51:52','2015-04-03 23:51:52'),(97,'①醤油（減塩）',14,'70cc',NULL,'2015-04-03 23:51:52','2015-04-03 23:51:52'),(98,'①メイプルシロップ（ハチミツでもOK)',14,'大さじ1',NULL,'2015-04-03 23:51:52','2015-04-03 23:51:52'),(99,'①マヨネーズ（トクホ）',14,'小さじ1',NULL,'2015-04-03 23:51:52','2015-04-03 23:51:52'),(100,'ししとう',14,'4～5本',NULL,'2015-04-03 23:51:52','2015-04-03 23:51:52'),(101,'パプリカ　赤',14,'1/2個',NULL,'2015-04-03 23:51:52','2015-04-03 23:51:52'),(102,'三つ葉',14,'適量',NULL,'2015-04-03 23:51:52','2015-04-03 23:51:52'),(103,'青ネギ',14,'適量',NULL,'2015-04-03 23:51:52','2015-04-03 23:51:52'),(104,'白ごま',14,'適量',NULL,'2015-04-03 23:51:52','2015-04-03 23:51:52'),(105,'ごま油',14,'大さじ1',NULL,'2015-04-03 23:51:52','2015-04-03 23:51:52'),(106,'温玉',14,'1個',NULL,'2015-04-03 23:51:52','2015-04-03 23:51:52'),(107,'発芽玄米ご飯',14,'180g',NULL,'2015-04-03 23:51:52','2015-04-03 23:51:52'),(108,'豚肩ロース生姜焼き用',15,'7～8枚',NULL,'2015-04-03 23:51:56','2015-04-03 23:51:56'),(109,'玉ねぎ',15,'1/2個',NULL,'2015-04-03 23:51:56','2015-04-03 23:51:56'),(110,'①おろし生姜',15,'大さじ2',NULL,'2015-04-03 23:51:56','2015-04-03 23:51:56'),(111,'①おろしにんにく',15,'大さじ2',NULL,'2015-04-03 23:51:56','2015-04-03 23:51:56'),(112,'①酒',15,'100cc',NULL,'2015-04-03 23:51:56','2015-04-03 23:51:56'),(113,'①醤油（減塩）',15,'70cc',NULL,'2015-04-03 23:51:56','2015-04-03 23:51:56'),(114,'①メイプルシロップ（ハチミツでもOK)',15,'大さじ1',NULL,'2015-04-03 23:51:56','2015-04-03 23:51:56'),(115,'①マヨネーズ（トクホ）',15,'小さじ1',NULL,'2015-04-03 23:51:56','2015-04-03 23:51:56'),(116,'ししとう',15,'4～5本',NULL,'2015-04-03 23:51:56','2015-04-03 23:51:56'),(117,'パプリカ　赤',15,'1/2個',NULL,'2015-04-03 23:51:56','2015-04-03 23:51:56'),(118,'三つ葉',15,'適量',NULL,'2015-04-03 23:51:56','2015-04-03 23:51:56'),(119,'青ネギ',15,'適量',NULL,'2015-04-03 23:51:56','2015-04-03 23:51:56'),(120,'白ごま',15,'適量',NULL,'2015-04-03 23:51:56','2015-04-03 23:51:56'),(121,'ごま油',15,'大さじ1',NULL,'2015-04-03 23:51:56','2015-04-03 23:51:56'),(122,'温玉',15,'1個',NULL,'2015-04-03 23:51:56','2015-04-03 23:51:56'),(123,'発芽玄米ご飯',15,'180g',NULL,'2015-04-03 23:51:56','2015-04-03 23:51:56'),(124,'玄米パン',16,'2枚',NULL,'2015-04-04 00:00:15','2015-04-04 00:00:15'),(125,'ベーコン（有れば糖質0）',16,'5～6枚',NULL,'2015-04-04 00:00:15','2015-04-04 00:00:15'),(126,'卵',16,'2個',NULL,'2015-04-04 00:00:15','2015-04-04 00:00:15'),(127,'バター（チューブでバターを利用）',16,'適量',NULL,'2015-04-04 00:00:15','2015-04-04 00:00:15'),(128,'マヨネーズ（トクホ）',16,'適量',NULL,'2015-04-04 00:00:15','2015-04-04 00:00:15'),(129,'粒マスタード',16,'適量',NULL,'2015-04-04 00:00:15','2015-04-04 00:00:15'),(130,'ブロッコリースプラウト',16,'適量',NULL,'2015-04-04 00:00:15','2015-04-04 00:00:15'),(131,'黒コショウ',16,'適量',NULL,'2015-04-04 00:00:15','2015-04-04 00:00:15'),(132,'ケチャップ',16,'少々',NULL,'2015-04-04 00:00:15','2015-04-04 00:00:15'),(133,'刻みパセリ',16,'少々',NULL,'2015-04-04 00:00:15','2015-04-04 00:00:15'),(134,'釜揚げシラス',17,'1パック',NULL,'2015-04-04 00:07:02','2015-04-04 00:07:02'),(135,'大根',17,'5cm程度',NULL,'2015-04-04 00:07:02','2015-04-04 00:07:02'),(136,'①醤油（減塩）',17,'大さじ1',NULL,'2015-04-04 00:07:02','2015-04-04 00:07:02'),(137,'①にんべんのつゆの素',17,'大さじ1',NULL,'2015-04-04 00:07:02','2015-04-04 00:07:02'),(138,'①チューブわさび',17,'3㎝',NULL,'2015-04-04 00:07:02','2015-04-04 00:07:02'),(139,'①水',17,'50cc',NULL,'2015-04-04 00:07:02','2015-04-04 00:07:02'),(140,'チューブわさび',17,'適量',NULL,'2015-04-04 00:07:02','2015-04-04 00:07:02'),(141,'おろし生姜',17,'適量',NULL,'2015-04-04 00:07:02','2015-04-04 00:07:02'),(142,'市販のクラムチャウダー（今回はキャンベル）',18,'１缶',NULL,'2015-04-04 00:26:40','2015-04-04 00:26:40'),(143,'牛乳（今回は無脂肪牛乳）',18,'200cc',NULL,'2015-04-04 00:26:40','2015-04-04 00:26:40'),(144,'おろし生姜',18,'小さじ1',NULL,'2015-04-04 00:26:40','2015-04-04 00:26:40'),(145,'刻みパセリ',18,'少々',NULL,'2015-04-04 00:26:40','2015-04-04 00:26:40'),(146,'黒コショウ',18,'少々',NULL,'2015-04-04 00:26:40','2015-04-04 00:26:40'),(147,'豚肉しゃぶしゃぶ用',19,'50g',NULL,'2015-04-09 09:58:02','2015-04-09 09:58:02'),(148,'レタス',19,'3枚',NULL,'2015-04-09 09:58:02','2015-04-09 09:58:02'),(149,'せり',19,'1/4',NULL,'2015-04-09 09:58:02','2015-04-09 09:58:02'),(150,'えのき',19,'1/4',NULL,'2015-04-09 09:58:02','2015-04-09 09:58:02'),(151,'大根',19,'300g',NULL,'2015-04-09 09:58:02','2015-04-09 09:58:02'),(152,'昆布だし',19,'200cc',NULL,'2015-04-09 09:58:02','2015-04-09 09:58:02'),(153,'ポン酢',19,'大さじ1',NULL,'2015-04-09 09:58:02','2015-04-09 09:58:02'),(154,'こんにゃく',20,'1丁',NULL,'2015-04-16 04:13:30','2015-04-16 04:13:30'),(155,'ナス',20,'1本',NULL,'2015-04-16 04:13:30','2015-04-16 04:13:30'),(156,'しょうゆ',20,'大さじ１',NULL,'2015-04-16 04:13:30','2015-04-16 04:13:30'),(157,'砂糖',20,'小さじ２',NULL,'2015-04-16 04:13:30','2015-04-16 04:13:30'),(158,'だしの素',20,'少々',NULL,'2015-04-16 04:13:30','2015-04-16 04:13:30'),(159,'とうがらし',20,'適量',NULL,'2015-04-16 04:13:30','2015-04-16 04:13:30'),(160,'ごま油',20,'適量',NULL,'2015-04-16 04:13:30','2015-04-16 04:13:30'),(161,'黄ズッキーニ',21,'1/2本',NULL,'2015-04-22 11:31:36','2015-04-22 11:31:36'),(162,'玉ねぎ',21,'1/2個',NULL,'2015-04-22 11:31:36','2015-04-22 11:31:36'),(163,'ベーコン',21,'20g',NULL,'2015-04-22 11:31:36','2015-04-22 11:31:36'),(164,'豆乳',21,'100cc',NULL,'2015-04-22 11:31:36','2015-04-22 11:31:36'),(165,'塩',21,'適宜',NULL,'2015-04-22 11:31:36','2015-04-22 11:31:36'),(166,'黒胡椒',21,'適量',NULL,'2015-04-22 11:31:36','2015-04-22 11:31:36'),(167,'鰤',22,'2切',NULL,'2015-04-22 11:36:50','2015-04-22 11:36:50'),(168,'酒',22,'',NULL,'2015-04-22 11:36:50','2015-04-22 11:36:50'),(169,'みりん',22,'',NULL,'2015-04-22 11:36:50','2015-04-22 11:36:50'),(170,'塩',22,'',NULL,'2015-04-22 11:36:50','2015-04-22 11:36:50'),(171,'白ねぎ',22,'',NULL,'2015-04-22 11:36:50','2015-04-22 11:36:50'),(172,'ごはん',23,'茶碗中盛約2杯',NULL,'2015-04-30 13:00:12','2015-04-30 13:00:12'),(173,'ベーコン',23,'2枚',NULL,'2015-04-30 13:00:12','2015-04-30 13:00:12'),(174,'しいたけ',23,'4個',NULL,'2015-04-30 13:00:12','2015-04-30 13:00:12'),(175,'しめじ',23,'1/2房',NULL,'2015-04-30 13:00:12','2015-04-30 13:00:12'),(176,'マッシュルーム',23,'4個',NULL,'2015-04-30 13:00:12','2015-04-30 13:00:12'),(177,'玉ねぎ',23,'1/4個',NULL,'2015-04-30 13:00:12','2015-04-30 13:00:12'),(178,'赤パプリカ',23,'1/4個',NULL,'2015-04-30 13:00:12','2015-04-30 13:00:12'),(179,'黄パプリカ',23,'1/4個',NULL,'2015-04-30 13:00:12','2015-04-30 13:00:12'),(180,'にんにく',23,'2.5g',NULL,'2015-04-30 13:00:12','2015-04-30 13:00:12'),(181,'カッテージチーズ',23,'60g',NULL,'2015-04-30 13:00:12','2015-04-30 13:00:12'),(182,'顆粒コンソメ',23,'1/2本',NULL,'2015-04-30 13:00:12','2015-04-30 13:00:12'),(183,'水',23,'100cc',NULL,'2015-04-30 13:00:12','2015-04-30 13:00:12'),(184,'黒胡椒',23,'適量',NULL,'2015-04-30 13:00:12','2015-04-30 13:00:12'),(185,'レモン果汁',23,'適量',NULL,'2015-04-30 13:00:12','2015-04-30 13:00:12'),(186,'白ワイン',23,'大さじ2',NULL,'2015-04-30 13:00:12','2015-04-30 13:00:12'),(187,'オリーブオイル',23,'16g',NULL,'2015-04-30 13:00:12','2015-04-30 13:00:12'),(188,'茄子',24,'3本',NULL,'2015-05-05 04:51:29','2015-05-05 04:51:29'),(189,'モロヘイヤ',24,'正味50g',NULL,'2015-05-05 04:51:29','2015-05-05 04:51:29'),(190,'醤油',24,'大さじ1',NULL,'2015-05-05 04:51:29','2015-05-05 04:51:29'),(191,'酢',24,'大さじ1と1/2',NULL,'2015-05-05 04:51:29','2015-05-05 04:51:29'),(192,'砂糖',24,'小さじ1',NULL,'2015-05-05 04:51:29','2015-05-05 04:51:29'),(193,'生姜汁',24,'小さじ1',NULL,'2015-05-05 04:51:29','2015-05-05 04:51:29'),(194,'削り節',24,'適量',NULL,'2015-05-05 04:51:29','2015-05-05 04:51:29'),(195,'Ａ　絹ごし豆腐',25,'300g',NULL,'2015-05-07 13:54:01','2015-05-07 13:54:01'),(196,'Ｂ　出汁（昆布とかつお節）',25,'200ml',NULL,'2015-05-07 13:54:01','2015-05-07 13:54:01'),(197,'Ｂ　白だし（市販品）',25,'大さじ1/2',NULL,'2015-05-07 13:54:01','2015-05-07 13:54:01'),(198,'Ｂ　塩麹',25,'大さじ2/3',NULL,'2015-05-07 13:54:01','2015-05-07 13:54:01'),(199,'Ｃ　 絹ごし豆腐',25,'200g',NULL,'2015-05-07 13:54:01','2015-05-07 13:54:01'),(200,'えのき茸（石づき取り除いて）',26,'100g',NULL,'2015-05-07 14:31:54','2015-05-07 14:31:54'),(201,'ニンニク（みじん切り）',26,'1片',NULL,'2015-05-07 14:31:54','2015-05-07 14:31:54'),(202,'オリーブオイル',26,'大さじ１',NULL,'2015-05-07 14:31:54','2015-05-07 14:31:54'),(203,'Ａ　白だし（市販品）',26,'大さじ1と1/2',NULL,'2015-05-07 14:31:54','2015-05-07 14:31:54'),(204,'Ａ　みりん',26,'大さじ1と1/2',NULL,'2015-05-07 14:31:54','2015-05-07 14:31:54'),(205,'Ａ　リンゴ酢',26,'大さじ1/2',NULL,'2015-05-07 14:31:54','2015-05-07 14:31:54'),(206,'生ハム',26,'4枚',NULL,'2015-05-07 14:31:54','2015-05-07 14:31:54'),(207,'鯵',27,'大１尾',NULL,'2015-05-11 06:40:04','2015-05-11 06:40:04'),(208,'しその葉',27,'４枚',NULL,'2015-05-11 06:40:04','2015-05-11 06:40:04'),(209,'生姜',27,'１０ｇ程',NULL,'2015-05-11 06:40:04','2015-05-11 06:40:04'),(210,'茗荷',27,'２個',NULL,'2015-05-11 06:40:04','2015-05-11 06:40:04'),(211,'味噌',27,'小さじ１～',NULL,'2015-05-11 06:40:04','2015-05-11 06:40:04'),(212,'醤油',27,'小さじ1/3~',NULL,'2015-05-11 06:40:04','2015-05-11 06:40:04'),(213,'小松菜',28,'100g',NULL,'2015-05-11 07:25:16','2015-05-11 07:25:16'),(214,'油揚げ',28,'1枚',NULL,'2015-05-11 07:25:16','2015-05-11 07:25:16'),(215,'Ａ　出汁（昆布とかつお節）',28,'100ml',NULL,'2015-05-11 07:25:16','2015-05-11 07:25:16'),(216,'A　',28,'',NULL,'2015-05-11 07:25:16','2015-05-11 07:25:16'),(217,'A　砂糖（又は低カロリー、カロリー０の甘味料）',28,' 大さじ１（大さじ1/3',NULL,'2015-05-11 07:25:16','2015-05-11 07:25:16'),(218,'薄口醤油',28,'大さじ1と1/2',NULL,'2015-05-11 07:25:16','2015-05-11 07:25:16'),(219,'とうもろこし',29,'大1缶',NULL,'2015-05-12 09:52:36','2015-05-12 09:52:36'),(220,'水',29,'200ml',NULL,'2015-05-12 09:52:36','2015-05-12 09:52:36'),(221,'調整豆乳',29,'100ml',NULL,'2015-05-12 09:52:36','2015-05-12 09:52:36'),(222,'粉ゼラチン',29,'6g',NULL,'2015-05-12 09:52:36','2015-05-12 09:52:36'),(223,'冷水',29,'30ml',NULL,'2015-05-12 09:52:36','2015-05-12 09:52:36'),(224,'塩',29,'小さじ2／3',NULL,'2015-05-12 09:52:36','2015-05-12 09:52:36'),(225,'コショウ(白)',29,'少々',NULL,'2015-05-12 09:52:36','2015-05-12 09:52:36'),(226,'トマト',29,'1個',NULL,'2015-05-12 09:52:36','2015-05-12 09:52:36'),(227,'セルフィーユ',29,'適宜',NULL,'2015-05-12 09:52:36','2015-05-12 09:52:36'),(228,'【A】',30,'',NULL,'2015-05-12 10:05:16','2015-05-12 10:05:16'),(229,'長ネギ',30,'1/2本',NULL,'2015-05-12 10:05:16','2015-05-12 10:05:16'),(230,'にんじん',30,'1／3本',NULL,'2015-05-12 10:05:16','2015-05-12 10:05:16'),(231,'ひじき(乾燥)',30,'2g',NULL,'2015-05-12 10:05:16','2015-05-12 10:05:16'),(232,'【B】',30,'',NULL,'2015-05-12 10:05:16','2015-05-12 10:05:16'),(233,'カジキマグロ',30,'160g',NULL,'2015-05-12 10:05:16','2015-05-12 10:05:16'),(234,'木綿豆腐',30,'100g',NULL,'2015-05-12 10:05:16','2015-05-12 10:05:16'),(235,'長いも',30,'80g',NULL,'2015-05-12 10:05:16','2015-05-12 10:05:16'),(236,'卵白',30,'1個分',NULL,'2015-05-12 10:05:16','2015-05-12 10:05:16'),(237,'酒',30,'大さじ1',NULL,'2015-05-12 10:05:16','2015-05-12 10:05:16'),(238,'味噌',30,'大さじ1と1/2',NULL,'2015-05-12 10:05:16','2015-05-12 10:05:16'),(239,'砂糖',30,'大さじ1',NULL,'2015-05-12 10:05:16','2015-05-12 10:05:16'),(240,'生姜汁',30,'小さじ1',NULL,'2015-05-12 10:05:16','2015-05-12 10:05:16'),(241,'出し汁',30,'250ml',NULL,'2015-05-12 10:05:16','2015-05-12 10:05:16'),(242,'みりん',30,'大さじ2',NULL,'2015-05-12 10:05:16','2015-05-12 10:05:16'),(243,'醤油',30,'大さじ3',NULL,'2015-05-12 10:05:16','2015-05-12 10:05:16'),(244,'生姜汁',30,'小さじ1',NULL,'2015-05-12 10:05:16','2015-05-12 10:05:16'),(245,'水溶き片栗粉',30,'小さじ2',NULL,'2015-05-12 10:05:16','2015-05-12 10:05:16'),(246,'大根おろし',30,'適宜',NULL,'2015-05-12 10:05:16','2015-05-12 10:05:16'),(247,'三つ葉',30,'適宜',NULL,'2015-05-12 10:05:16','2015-05-12 10:05:16'),(248,'ゴボウ・ニンジン千切り',31,'１パック',NULL,'2015-05-13 05:43:50','2015-05-13 05:43:50'),(249,'長ネギ',31,'１本',NULL,'2015-05-13 05:43:50','2015-05-13 05:43:50'),(250,'糸寒天',31,'適宜',NULL,'2015-05-13 05:43:50','2015-05-13 05:43:50'),(251,'オリーブオイル',31,'少々',NULL,'2015-05-13 05:43:50','2015-05-13 05:43:50'),(252,'塩',31,'少々',NULL,'2015-05-13 05:43:50','2015-05-13 05:43:50'),(253,'コンソメの素',31,'なくても可',NULL,'2015-05-13 05:43:50','2015-05-13 05:43:50'),(254,'豚肉',32,'400g',NULL,'2015-05-13 06:06:08','2015-05-13 06:06:08'),(255,'タマネギ',32,'中2個',NULL,'2015-05-13 06:06:08','2015-05-13 06:06:08'),(256,'モヤシ',32,'1袋',NULL,'2015-05-13 06:06:08','2015-05-13 06:06:08'),(257,'ピーマン',32,'適宜',NULL,'2015-05-13 06:06:08','2015-05-13 06:07:11'),(258,'ゴボウ＆ニンジンのカットセット',32,'2パック',NULL,'2015-05-13 06:06:08','2015-05-13 06:06:08'),(259,'キャベツ',32,'中半玉',NULL,'2015-05-13 06:06:08','2015-05-13 06:06:08'),(260,'生姜焼きのタレ',32,'適宜',NULL,'2015-05-13 06:06:08','2015-05-13 06:06:08');
/*!40000 ALTER TABLE `ingredients` ENABLE KEYS */;
UNLOCK TABLES;

--
-- Table structure for table `made_reports`
--

DROP TABLE IF EXISTS `made_reports`;
/*!40101 SET @saved_cs_client     = @@character_set_client */;
/*!40101 SET character_set_client = utf8 */;
CREATE TABLE `made_reports` (
  `id` int(11) NOT NULL AUTO_INCREMENT,
  `user_id` int(11) DEFAULT NULL,
  `recipe_id` int(11) DEFAULT NULL,
  `image` varchar(255) DEFAULT NULL,
  `message` varchar(255) DEFAULT NULL,
  `created_at` datetime DEFAULT NULL,
  `updated_at` datetime DEFAULT NULL,
  `image_file_name` varchar(255) DEFAULT NULL,
  `image_content_type` varchar(255) DEFAULT NULL,
  `image_file_size` int(11) DEFAULT NULL,
  `image_updated_at` datetime DEFAULT NULL,
  PRIMARY KEY (`id`)
) ENGINE=InnoDB DEFAULT CHARSET=utf8;
/*!40101 SET character_set_client = @saved_cs_client */;

--
-- Dumping data for table `made_reports`
--

LOCK TABLES `made_reports` WRITE;
/*!40000 ALTER TABLE `made_reports` DISABLE KEYS */;
/*!40000 ALTER TABLE `made_reports` ENABLE KEYS */;
UNLOCK TABLES;

--
-- Table structure for table `menu_recipes`
--

DROP TABLE IF EXISTS `menu_recipes`;
/*!40101 SET @saved_cs_client     = @@character_set_client */;
/*!40101 SET character_set_client = utf8 */;
CREATE TABLE `menu_recipes` (
  `id` int(11) NOT NULL AUTO_INCREMENT,
  `menu_id` int(11) DEFAULT NULL,
  `recipe_id` int(11) DEFAULT NULL,
  `created_at` datetime DEFAULT NULL,
  `updated_at` datetime DEFAULT NULL,
  `select_flag` int(11) DEFAULT NULL,
  `main` int(11) DEFAULT NULL,
  `side1` int(11) DEFAULT NULL,
  `side2` int(11) DEFAULT NULL,
  PRIMARY KEY (`id`),
  UNIQUE KEY `index_menu_recipes_on_recipe_id_and_menu_id` (`recipe_id`,`menu_id`) USING BTREE
) ENGINE=InnoDB AUTO_INCREMENT=17 DEFAULT CHARSET=utf8;
/*!40101 SET character_set_client = @saved_cs_client */;

--
-- Dumping data for table `menu_recipes`
--

LOCK TABLES `menu_recipes` WRITE;
/*!40000 ALTER TABLE `menu_recipes` DISABLE KEYS */;
INSERT INTO `menu_recipes` VALUES (1,1,NULL,'2015-03-27 08:25:52','2015-03-30 03:06:39',NULL,1,2,3),(2,3,NULL,'2015-03-30 02:59:27','2015-03-30 03:08:24',NULL,5,4,6),(3,3,NULL,'2015-03-30 03:08:59','2015-03-30 03:08:59',NULL,5,6,4),(4,5,NULL,'2015-03-31 05:02:56','2015-03-31 05:02:56',NULL,5,7,6),(7,10,NULL,'2015-04-02 04:20:01','2015-04-02 04:20:01',NULL,9,NULL,NULL),(8,11,NULL,'2015-04-02 04:24:12','2015-04-02 06:41:02',NULL,9,2,3),(9,12,NULL,'2015-04-03 00:37:27','2015-04-03 00:37:27',NULL,10,7,7),(10,13,NULL,'2015-04-03 01:11:58','2015-04-03 01:11:58',NULL,11,12,13),(11,14,NULL,'2015-04-04 00:10:38','2015-04-04 00:10:38',NULL,15,17,13),(12,15,NULL,'2015-04-04 00:30:11','2015-04-04 00:30:11',NULL,16,18,18),(13,16,NULL,'2015-04-04 00:33:48','2015-04-04 00:33:48',NULL,9,13,18),(14,17,NULL,'2015-04-08 16:31:39','2015-04-08 16:31:39',NULL,5,7,6),(15,18,NULL,'2015-04-22 11:38:41','2015-04-22 11:38:41',NULL,22,21,21),(16,19,NULL,'2015-05-11 07:27:19','2015-05-11 07:27:19',NULL,27,25,28);
/*!40000 ALTER TABLE `menu_recipes` ENABLE KEYS */;
UNLOCK TABLES;

--
-- Table structure for table `menus`
--

DROP TABLE IF EXISTS `menus`;
/*!40101 SET @saved_cs_client     = @@character_set_client */;
/*!40101 SET character_set_client = utf8 */;
CREATE TABLE `menus` (
  `id` int(11) NOT NULL AUTO_INCREMENT,
  `created_at` datetime DEFAULT NULL,
  `updated_at` datetime DEFAULT NULL,
  `name` varchar(255) DEFAULT NULL,
  `point` varchar(255) DEFAULT NULL,
  `image` varchar(255) DEFAULT NULL,
  `user_id` int(11) DEFAULT NULL,
  `image_file_name` varchar(255) DEFAULT NULL,
  `image_content_type` varchar(255) DEFAULT NULL,
  `image_file_size` int(11) DEFAULT NULL,
  `image_updated_at` datetime DEFAULT NULL,
  PRIMARY KEY (`id`)
) ENGINE=InnoDB AUTO_INCREMENT=20 DEFAULT CHARSET=utf8;
/*!40101 SET character_set_client = @saved_cs_client */;

--
-- Dumping data for table `menus`
--

LOCK TABLES `menus` WRITE;
/*!40000 ALTER TABLE `menus` DISABLE KEYS */;
INSERT INTO `menus` VALUES (1,'2015-03-30 02:31:16','2015-03-30 03:01:53','test','test',NULL,1,NULL,NULL,NULL,NULL),(3,'2015-03-30 02:59:27','2015-03-30 03:08:59','糖質オフの揚げ物と豆腐サラダの献立✿','揚げ物にさっぱりと豆腐とアボカドのサラダとわかめの酢の物を合わせました。',NULL,2,'aa.jpg','image/jpeg',91182,'2015-03-30 03:08:59'),(6,'2015-04-01 23:41:52','2015-04-01 23:41:52','ブリカマと肉じゃがレンコンサラダのヘルシー晩御飯','ブリカマは焼いて柚子胡椒、肉じゃがは肩ロースの豚バラでサッパリ、レンコンサラダは水煮レンコンを使って簡単ヘルシーな野菜たっぷり献立です。',NULL,3,'2015-02-19_21.23.11.jpg','image/jpeg',289258,'2015-04-01 23:41:52'),(7,'2015-04-01 23:50:25','2015-04-01 23:50:25','豆腐ハンバーグのヘルシーロコモコ','市販の豆腐ハンバーグを利用する事でより野菜もたっぷりでヘルシーにロコモコが楽しめます。',NULL,3,'DSC_0163.jpg','image/jpeg',1564594,'2015-04-01 23:50:23'),(10,'2015-04-02 04:20:01','2015-04-02 04:20:01','市販のビーフシチューを使った簡単温玉ビーフシチューグラタンランチ','市販のビーフシチューを使って簡単スピーディーに本格的なグラタンランチが作れます。',NULL,3,'DSC_0217.jpg','image/jpeg',178934,'2015-04-02 04:20:01'),(11,'2015-04-02 04:24:12','2015-04-02 04:24:12','牛のしぐれ煮とこんにゃくサラダのヘルシー晩御飯','牛のしぐれのゴボウ、こんにゃくサラダや自家製なますで食物繊維やミネラルを沢山採れる献立です。',NULL,3,'59523.jpg','image/jpeg',118195,'2015-04-02 04:24:12'),(12,'2015-04-03 00:37:27','2015-04-03 00:37:27','塩サバとお揚げの挽肉詰め煮のあっさり晩御飯','お稲荷さん用の市販のお揚げに「鶏ひき肉とお豆やネギ、生姜を入れて煮込む」あっさりしても出汁がしっかりしみこんでお子さんでも喜んで召し上がれます。',NULL,3,'0d20ef62f809bd82dba35cd26d1342a75458024.jpg','image/jpeg',456585,'2015-04-03 00:37:26'),(13,'2015-04-03 01:11:58','2015-04-03 01:11:58','ブリの漬けと生姜たっぷり豚汁のヘルシー晩御飯','ブリの漬けと生姜と野菜たっぷりの豚汁、豆のサラダを一緒にした簡単にバランスが取れる簡単晩御飯です。',NULL,3,'62de1faebef9b49a48ac987ec035f71a6eb044d.jpg','image/jpeg',454152,'2015-04-03 01:11:58'),(14,'2015-04-04 00:10:38','2015-04-04 00:10:38','あっさりしょうが焼き丼とシラスおろしのバランスばっちり簡単晩御飯','肉、魚、豆類、野菜とバランス良く食べられるメニューです。',NULL,3,'3b535e9e2d59f597c639c1b086812d8f087d9ca.jpg','image/jpeg',422839,'2015-04-04 00:10:37'),(15,'2015-04-04 00:30:11','2015-04-04 00:30:11','簡単ラピュタパンと生姜たっぷりクラムチャウダー朝ご飯','ラピュタパンを目玉焼きからオムレツ風にした事で食べやすく、生姜のクラムチャウダーで身体もお腹も温まる朝ご飯です。',NULL,3,'b93ee409b373c001742e1dafd4d2dad9351a03c.jpg','image/jpeg',566418,'2015-04-04 00:30:11'),(16,'2015-04-04 00:33:48','2015-04-04 00:33:48','ビールやワインに合うタコライスおもてなしディナー','メキシカンはビールにもワインにも合うのでおもてなしにはお勧めです。',NULL,3,'DSC_0326.jpg','image/jpeg',193408,'2015-04-04 00:33:47'),(18,'2015-04-22 11:38:41','2015-04-22 11:38:41','春のシーフード献立','するめいかをまるっぽ一杯買ってきて、胴体は冷凍。げそは長ねぎとトマトと醤油麹と一緒にホイル焼き。最近魚焼グリルが大活躍♡\r\nそしてニラ玉（実は大好物）。ごま油とニラ玉って最高の組み合わせ。ちょいと塩麹乗せてます☆\r\n新物の青のりを見かけたので、どっさり入れてお味噌汁。具は青のりだけ、シンプルですがこれがいちばんのご馳走かも(*ﾟ▽ﾟ)ﾉ',NULL,8,'66853_587196681290924_1764279537_n.jpg','image/jpeg',108617,'2015-04-22 11:38:40'),(19,'2015-05-11 07:27:19','2015-05-11 07:27:19','初夏の和ご膳','旬の食材で、魚、野菜、豆腐とバランスの良い和食献立。',NULL,10,'IMG_7671.JPG','image/jpeg',446649,'2015-05-11 07:27:17');
/*!40000 ALTER TABLE `menus` ENABLE KEYS */;
UNLOCK TABLES;

--
-- Table structure for table `nutritionists`
--

DROP TABLE IF EXISTS `nutritionists`;
/*!40101 SET @saved_cs_client     = @@character_set_client */;
/*!40101 SET character_set_client = utf8 */;
CREATE TABLE `nutritionists` (
  `id` int(11) NOT NULL AUTO_INCREMENT,
  `email` varchar(255) NOT NULL DEFAULT '',
  `encrypted_password` varchar(255) NOT NULL DEFAULT '',
  `reset_password_token` varchar(255) DEFAULT NULL,
  `reset_password_sent_at` datetime DEFAULT NULL,
  `remember_created_at` datetime DEFAULT NULL,
  `sign_in_count` int(11) NOT NULL DEFAULT '0',
  `current_sign_in_at` datetime DEFAULT NULL,
  `last_sign_in_at` datetime DEFAULT NULL,
  `current_sign_in_ip` varchar(255) DEFAULT NULL,
  `last_sign_in_ip` varchar(255) DEFAULT NULL,
  `created_at` datetime DEFAULT NULL,
  `updated_at` datetime DEFAULT NULL,
  `name` varchar(255) DEFAULT NULL,
  `description` varchar(255) DEFAULT NULL,
  `permission` int(11) DEFAULT NULL,
  `image_file_name` varchar(255) DEFAULT NULL,
  `image_content_type` varchar(255) DEFAULT NULL,
  `image_file_size` int(11) DEFAULT NULL,
  `image_updated_at` datetime DEFAULT NULL,
  PRIMARY KEY (`id`),
  UNIQUE KEY `index_nutritionists_on_email` (`email`),
  UNIQUE KEY `index_nutritionists_on_reset_password_token` (`reset_password_token`)
) ENGINE=InnoDB AUTO_INCREMENT=4 DEFAULT CHARSET=utf8;
/*!40101 SET character_set_client = @saved_cs_client */;

--
-- Dumping data for table `nutritionists`
--

LOCK TABLES `nutritionists` WRITE;
/*!40000 ALTER TABLE `nutritionists` DISABLE KEYS */;
INSERT INTO `nutritionists` VALUES (1,'test@d.com','',NULL,NULL,NULL,0,NULL,NULL,NULL,NULL,'2015-04-02 03:33:12','2015-04-02 03:33:12','石原さとみ','2002年、第27回ホリプロタレントスカウトキャラバン『ピュアガール2002』 グランプリ受賞を経て本...',1,NULL,NULL,NULL,NULL),(2,'muraikenta0507@gmail.com','$2a$10$ESpNZoLROvxt/o5J/OQQEO1Ynyj2M./tqKCaJzfg/VPi6uuvolET6',NULL,NULL,NULL,1,'2015-04-17 02:17:36','2015-04-17 02:17:36','126.254.138.227','126.254.138.227','2015-04-17 02:17:36','2015-04-17 02:17:36','村井謙太','よろしく',0,'da3d7960587cd98a308a5bae321cfd4b.jpeg','image/jpeg',161726,'2015-04-17 02:17:35'),(3,'kayo@shokugoto.jp','$2a$10$ePI44C2bKoYC6ivR64lSquAp1LcVZ4umYd5KqaBVTrOTH.uzc2IVa',NULL,NULL,NULL,1,'2015-04-22 11:25:36','2015-04-22 11:25:36','122.216.67.204','122.216.67.204','2015-04-22 11:25:36','2015-04-22 11:25:36','國枝加誉','',0,'1556435_845766175433972_2833892888348290751_o.jpg','image/jpeg',140409,'2015-04-22 11:25:35');
/*!40000 ALTER TABLE `nutritionists` ENABLE KEYS */;
UNLOCK TABLES;

--
-- Table structure for table `procedures`
--

DROP TABLE IF EXISTS `procedures`;
/*!40101 SET @saved_cs_client     = @@character_set_client */;
/*!40101 SET character_set_client = utf8 */;
CREATE TABLE `procedures` (
  `id` int(11) NOT NULL AUTO_INCREMENT,
  `recipe_id` int(11) DEFAULT NULL,
  `body` varchar(255) DEFAULT NULL,
  `image` varchar(255) DEFAULT NULL,
  `created_at` datetime DEFAULT NULL,
  `updated_at` datetime DEFAULT NULL,
  `image_file_name` varchar(255) DEFAULT NULL,
  `image_content_type` varchar(255) DEFAULT NULL,
  `image_file_size` int(11) DEFAULT NULL,
  `image_updated_at` datetime DEFAULT NULL,
  PRIMARY KEY (`id`)
) ENGINE=InnoDB AUTO_INCREMENT=128 DEFAULT CHARSET=utf8;
/*!40101 SET character_set_client = @saved_cs_client */;

--
-- Dumping data for table `procedures`
--

LOCK TABLES `procedures` WRITE;
/*!40000 ALTER TABLE `procedures` DISABLE KEYS */;
INSERT INTO `procedures` VALUES (1,4,'（☆）の調味料を混ぜドレシングを作る。',NULL,'2015-03-30 02:51:04','2015-03-30 02:51:04','abokado1.jpg','image/jpeg',3481,'2015-03-30 02:51:02'),(2,4,'アボカドは縦半分に切り種を取り皮を剥き1㎝幅くらいに切りレモンを絞りかける。',NULL,'2015-03-30 02:51:04','2015-03-30 02:51:04','abokado2.jpg','image/jpeg',4614,'2015-03-30 02:51:03'),(3,4,'お豆腐は水切りしてアボカドの大きさに合して同じく1㎝幅位に切る。',NULL,'2015-03-30 02:51:04','2015-03-30 02:51:04','abokado3.jpg','image/jpeg',2832,'2015-03-30 02:51:03'),(4,4,'お皿に３のお豆腐と２のアボカドを交互に入れ、半分に切ったプチトマトとオリーブを乗せる。',NULL,'2015-03-30 02:51:04','2015-03-30 02:51:04','abokado4.jpg','image/jpeg',5862,'2015-03-30 02:51:03'),(5,4,'食べる直前に１のドレッシングをかける。',NULL,'2015-03-30 02:51:04','2015-03-30 02:51:04','abokado5.jpg','image/jpeg',11642,'2015-03-30 02:51:03'),(6,5,'豚肉は筋を3～4ヵ所切り、全体に塩、こしょうをまぶし、下味をつけておく。',NULL,'2015-03-30 02:55:57','2015-03-30 02:55:57',NULL,NULL,NULL,NULL),(7,5,'高野豆腐は戻さずに包丁で薄切りにし、手で粗くほぐしてパン粉状態にして、粉チーズと混ぜ合わせる。',NULL,'2015-03-30 02:55:57','2015-03-30 02:55:57',NULL,NULL,NULL,NULL),(8,5,'豚肉の表面の水分をキッチンペーパーでふき、小麦粉、溶き卵、<2>の順につける。',NULL,'2015-03-30 02:55:57','2015-03-30 02:55:57',NULL,NULL,NULL,NULL),(9,5,'揚げ油を中温に熱して<3>の豚肉をそっと入れ、片面が色づいてきたら返し、両面きつね色になるまで揚げる。',NULL,'2015-03-30 02:55:57','2015-03-30 02:55:57',NULL,NULL,NULL,NULL),(10,5,'食べやすい大きさに切って器に盛り、キャベツのせん切りとミニトマトを添える。',NULL,'2015-03-30 02:55:57','2015-03-30 02:55:57',NULL,NULL,NULL,NULL),(11,6,'ワカメはさっと湯通ししてすぐ水にとる。\r\nシャッキリして緑がキレイになります。（ゆですぎ注意）\r\n3ｃｍくらいにザクザク切る',NULL,'2015-03-30 02:58:32','2015-03-30 02:58:32',NULL,NULL,NULL,NULL),(12,6,'器に　ワカメとじゃこを盛り　キャベツのうまたれをたっぷりかけて召し上がれ♫',NULL,'2015-03-30 02:58:32','2015-03-30 02:58:32',NULL,NULL,NULL,NULL),(13,7,'カップに、粉ゼラチンとエリスリムとお湯を入れて、よく溶かします♪あとは、梅酒を入れて軽く混ぜ、冷蔵庫で冷やすだけです☆\r\n',NULL,'2015-03-31 04:50:13','2015-03-31 04:50:13',NULL,NULL,NULL,NULL),(14,7,'【裏技】すぐに食べたくて冷蔵庫様に任せておけない方は、カップに直接氷をいっぱい入れて混ぜてください☆あっという間です♪\r\n',NULL,'2015-03-31 04:50:13','2015-03-31 04:50:13',NULL,NULL,NULL,NULL),(15,7,'コレ使っています！炭水化物０gです！',NULL,'2015-03-31 04:50:13','2015-03-31 04:50:13','image.jpg','image/jpeg',10625,'2015-03-31 04:50:13'),(16,8,'フライパンを熱し、オリーブオイルで焼き色が付くまで焼きます。',NULL,'2015-04-02 00:15:37','2015-04-02 00:15:37',NULL,NULL,NULL,NULL),(17,8,'焼きあがったら皿に移し、そのフライパンに①デミグラスソース、中農ソース、ケチャップ、からし、ハチミツ、赤ワインを加えて煮立てます。',NULL,'2015-04-02 00:15:37','2015-04-02 00:15:37',NULL,NULL,NULL,NULL),(18,8,'目玉焼きを焼いて皿に移し、ミニトマトをカットし、市販のカット野菜を水で軽く洗いザルに移して水けをきります。',NULL,'2015-04-02 00:15:37','2015-04-02 00:15:37',NULL,NULL,NULL,NULL),(19,8,'玄米ご飯を深皿に適量入れて水気を切った野菜を全体にひいてマヨネーズをかけます。',NULL,'2015-04-02 00:15:37','2015-04-02 00:15:37',NULL,NULL,NULL,NULL),(20,8,'野菜の上に豆腐ハンバーグを載せ①のソースをお好みの料かけてその横に目玉焼きとトマトを盛り付けて、最後に市販の刻みパセリをふれば完成です。',NULL,'2015-04-02 00:15:37','2015-04-02 00:15:37',NULL,NULL,NULL,NULL),(21,9,'フライパンにオリーブオイルとマヨネーズを入れて熱し①を入れて軽く炒めます。',NULL,'2015-04-02 03:43:18','2015-04-02 03:43:18',NULL,NULL,NULL,NULL),(22,9,'玉ねぎが軽く透明になり香味野菜の匂いがたって来たら白ワイン50㏄を入れてアルコールを飛ばしながら炒め煮します。',NULL,'2015-04-02 03:43:18','2015-04-02 03:43:18',NULL,NULL,NULL,NULL),(23,9,'水気が無くなったら挽肉を炒め、挽肉に火が通ったら市販のタコライススパイスと白ワイン25cc（残り）を入れて焦げない様に炒めます。これでタコライスの具が出来上がりです。',NULL,'2015-04-02 03:43:18','2015-04-02 03:43:18',NULL,NULL,NULL,NULL),(24,9,'水菜は水気をよく切り3cm程度に切り、アボガドとトマトは小さな角切りにします。',NULL,'2015-04-02 03:43:18','2015-04-02 03:43:18',NULL,NULL,NULL,NULL),(25,9,'玄米ご飯をお皿に入れて水菜をご飯の上一面に置き、その上にタコライスの具をのせてその上にアボガトとカットトマトを散らし、最後にチーズ（粉チーズでもOK)を掛けて刻みパセリを散らせば完成です。',NULL,'2015-04-02 03:43:18','2015-04-02 03:43:18',NULL,NULL,NULL,NULL),(26,9,'今回はこのシーズニングを利用しています。',NULL,'2015-04-02 03:43:18','2015-04-02 03:44:05','11557_m.jpg','image/jpeg',32566,'2015-04-02 03:44:05'),(27,10,'ベーコンを軽く炒めます。',NULL,'2015-04-02 08:24:09','2015-04-02 08:24:09',NULL,NULL,NULL,NULL),(28,10,'プチトマトを1/4、カブをいちょう切りの半分で5mm程度の厚さで切り、セロリの葉を一口にカットして盛り付けます。',NULL,'2015-04-02 08:24:09','2015-04-02 08:24:09',NULL,NULL,NULL,NULL),(29,10,'カブを平らな皿に並べラップをしてレンジで500wで1分30秒加熱します。',NULL,'2015-04-02 08:24:09','2015-04-02 08:24:09',NULL,NULL,NULL,NULL),(30,10,'加熱したカブをのせてミートソースを全体的に広がるようにかけます。',NULL,'2015-04-02 08:24:09','2015-04-02 08:24:09',NULL,NULL,NULL,NULL),(31,10,'その上にスライスチーズをのせ、オリーブオイルを全体的に上からかけてパン粉を振りかけてオーブンでチーズに焼き色がついて火が通るまで焼きます。',NULL,'2015-04-02 08:24:09','2015-04-02 08:24:09',NULL,NULL,NULL,NULL),(32,11,'柵で買ったブリを食べやすい大きさにカットします。',NULL,'2015-04-03 00:47:16','2015-04-03 00:47:16',NULL,NULL,NULL,NULL),(33,11,'①を全てビニール袋かジプロックに入れ、その中にブリを入れ袋の空気を抜いてしっかり縛って（チャックして）冷蔵庫で半日付けておきます。',NULL,'2015-04-03 00:47:16','2015-04-03 00:47:16',NULL,NULL,NULL,NULL),(34,11,'食べる間際に漬け汁からブリを出して並べ、ネギを散らして出来上がりです。',NULL,'2015-04-03 00:47:16','2015-04-03 00:47:16',NULL,NULL,NULL,NULL),(35,12,'材料を食べやすいサイズに切る。',NULL,'2015-04-03 00:56:31','2015-04-03 00:56:31',NULL,NULL,NULL,NULL),(36,12,'②鍋に水、ほんだし野菜、こんにゃく生姜を入れて火にかける。',NULL,'2015-04-03 00:56:31','2015-04-03 00:56:31',NULL,NULL,NULL,NULL),(37,12,'別の鍋で豚肉に軽くごま油で火を通して色が変わったら②に加えてアクをとりながら煮込む。',NULL,'2015-04-03 00:56:31','2015-04-03 00:56:31',NULL,NULL,NULL,NULL),(38,12,'野菜が柔らかくなったら火を止めて味噌を入れる。',NULL,'2015-04-03 00:56:31','2015-04-03 00:56:31',NULL,NULL,NULL,NULL),(39,12,'お椀に打ちしたらネギやお好みで七味や一味を入れて完成です。',NULL,'2015-04-03 00:56:31','2015-04-03 00:56:31',NULL,NULL,NULL,NULL),(40,13,'ミックスビーンズを出して水けを切ります。',NULL,'2015-04-03 01:08:38','2015-04-03 01:08:38',NULL,NULL,NULL,NULL),(41,13,'キュウリは一口大の角切りにしてミックスビーンズとボウルに合わせます。',NULL,'2015-04-03 01:08:38','2015-04-03 01:08:38',NULL,NULL,NULL,NULL),(42,13,'ボウルにマヨネーズ、わさび、サウザンドレッシング、レモン果汁数滴を入れてよく混ぜ合わせます。',NULL,'2015-04-03 01:08:38','2015-04-03 01:08:38',NULL,NULL,NULL,NULL),(43,13,'良く混じったら味をみてお好みでマヨネーズやワサビやレモン果汁、黒コショウを足してください。',NULL,'2015-04-03 01:08:38','2015-04-03 01:08:38',NULL,NULL,NULL,NULL),(44,13,'器に盛ったら刻みパセリとお好みで七味をかけると美味しく見た目も映えます。',NULL,'2015-04-03 01:08:38','2015-04-03 01:08:38',NULL,NULL,NULL,NULL),(45,14,'豚肉は筋に切り目を入れ、玉ねぎとパプリカは細切りにします。',NULL,'2015-04-03 23:51:53','2015-04-03 23:51:53','2e7e53c9897e93156b43015868fff011efc887b.jpg','image/jpeg',507058,'2015-04-03 23:51:50'),(46,14,'①の材料をビニール袋かジプロックに入れてよく合わせたら、豚肉と玉ねぎを入れてしっかり揉んで混ぜ合わせます。',NULL,'2015-04-03 23:51:53','2015-04-03 23:51:53','1e23b72228eb29f23f23e2ac276a8c12278c90a.jpg','image/jpeg',435682,'2015-04-03 23:51:51'),(47,14,'袋の空気をしっかり抜いて冷蔵庫に3時間～半日入れておきます。（長いほど味が染みて美味しいです）',NULL,'2015-04-03 23:51:53','2015-04-03 23:51:53','4e6b236f4dcb519059f7278c90651fea090266d.jpg','image/jpeg',597840,'2015-04-03 23:51:51'),(48,14,'プライパンにごま油をひいて熱し、豚肉を並べて焼いて行きます。',NULL,'2015-04-03 23:51:53','2015-04-03 23:51:53',NULL,NULL,NULL,NULL),(49,14,'ある程度火が通って豚肉の色が変わったら、ビニール袋の①に残った玉ねぎと汁を全てフライパンに入れて蒸し焼きにし、水分が無くなったら肉を玉ねぎを取り出します。',NULL,'2015-04-03 23:51:53','2015-04-03 23:51:53',NULL,NULL,NULL,NULL),(50,14,'肉を焼いたフライパンにしし唐、パプリカを入れて炒めます。しし唐は炒める前に包丁を入れておきましょう。',NULL,'2015-04-03 23:51:53','2015-04-03 23:51:53',NULL,NULL,NULL,NULL),(51,14,'どんぶりに発芽玄米ご飯を盛って、生姜焼き焼き野菜を盛り付け、温玉を乗せて、ネギと三つ葉と胡麻を散らせば完成です。',NULL,'2015-04-03 23:51:53','2015-04-03 23:51:53','3b535e9e2d59f597c639c1b086812d8f087d9ca.jpg','image/jpeg',422839,'2015-04-03 23:51:52'),(52,15,'豚肉は筋に切り目を入れ、玉ねぎとパプリカは細切りにします。',NULL,'2015-04-03 23:51:56','2015-04-03 23:51:56','2e7e53c9897e93156b43015868fff011efc887b.jpg','image/jpeg',507058,'2015-04-03 23:51:54'),(53,15,'①の材料をビニール袋かジプロックに入れてよく合わせたら、豚肉と玉ねぎを入れてしっかり揉んで混ぜ合わせます。',NULL,'2015-04-03 23:51:56','2015-04-03 23:51:56','1e23b72228eb29f23f23e2ac276a8c12278c90a.jpg','image/jpeg',435682,'2015-04-03 23:51:54'),(54,15,'袋の空気をしっかり抜いて冷蔵庫に3時間～半日入れておきます。（長いほど味が染みて美味しいです）',NULL,'2015-04-03 23:51:56','2015-04-03 23:51:56','4e6b236f4dcb519059f7278c90651fea090266d.jpg','image/jpeg',597840,'2015-04-03 23:51:55'),(55,15,'プライパンにごま油をひいて熱し、豚肉を並べて焼いて行きます。',NULL,'2015-04-03 23:51:56','2015-04-03 23:51:56',NULL,NULL,NULL,NULL),(56,15,'ある程度火が通って豚肉の色が変わったら、ビニール袋の①に残った玉ねぎと汁を全てフライパンに入れて蒸し焼きにし、水分が無くなったら肉を玉ねぎを取り出します。',NULL,'2015-04-03 23:51:56','2015-04-03 23:51:56',NULL,NULL,NULL,NULL),(57,15,'肉を焼いたフライパンにしし唐、パプリカを入れて炒めます。しし唐は炒める前に包丁を入れておきましょう。',NULL,'2015-04-03 23:51:56','2015-04-03 23:51:56',NULL,NULL,NULL,NULL),(58,15,'どんぶりに発芽玄米ご飯を盛って、生姜焼き焼き野菜を盛り付け、温玉を乗せて、ネギと三つ葉と胡麻を散らせば完成です。',NULL,'2015-04-03 23:51:56','2015-04-03 23:51:56','3b535e9e2d59f597c639c1b086812d8f087d9ca.jpg','image/jpeg',422839,'2015-04-03 23:51:55'),(59,16,'玄米パンにマヨネーズ（トクホ）とバターと粒マスタードをお好みの料塗ります。',NULL,'2015-04-04 00:00:15','2015-04-04 00:00:15',NULL,NULL,NULL,NULL),(60,16,'その上にベーコンをのせてオーブンで焼きます。',NULL,'2015-04-04 00:00:15','2015-04-04 00:00:15',NULL,NULL,NULL,NULL),(61,16,'卵を目玉焼きを焼く様に片面焼いて半熟になったら裏返して君の部分を押して割り、乗せやすい大きさに切ります。（この時黄身を8割完熟に近い半熟にしておくと食べる頃にはちょうど良い硬さになっています。）',NULL,'2015-04-04 00:00:15','2015-04-04 00:00:15',NULL,NULL,NULL,NULL),(62,16,'焼きあがったパンにケチャップを少しかけてブロッコリースプラウトを散らして卵焼きをのせます。',NULL,'2015-04-04 00:00:15','2015-04-04 00:00:15',NULL,NULL,NULL,NULL),(63,16,'最後に黒コショウと刻みパセリを散らして完成です。',NULL,'2015-04-04 00:00:15','2015-04-04 00:00:15',NULL,NULL,NULL,NULL),(64,17,'大根をすりおろし、ザルにうついして水気をきります。',NULL,'2015-04-04 00:07:02','2015-04-04 00:07:02',NULL,NULL,NULL,NULL),(65,17,'シラスを器に盛ってその上に大根おろしを多めに盛り付け①をお好みの分量で、大根おろしの上からかけます。',NULL,'2015-04-04 00:07:02','2015-04-04 00:07:02',NULL,NULL,NULL,NULL),(66,17,'その上にわさびと生姜を盛り付けたら完成です。',NULL,'2015-04-04 00:07:02','2015-04-04 00:07:02',NULL,NULL,NULL,NULL),(67,18,'市販のクラムチャウダースープ（今回はキャンベル）を鍋に移し、ダマにならない様に牛乳で溶きます。',NULL,'2015-04-04 00:26:40','2015-04-04 00:26:40',NULL,NULL,NULL,NULL),(68,18,'焦げたりダマにならない様によく混ぜながら温めます。',NULL,'2015-04-04 00:26:40','2015-04-04 00:26:40',NULL,NULL,NULL,NULL),(69,18,'温まったら生姜を入れてひと煮立させて黒コショウをお好みで入れてます。',NULL,'2015-04-04 00:26:40','2015-04-04 00:26:40',NULL,NULL,NULL,NULL),(70,18,'カップや器に移して刻みパセリを乗せれば完成です。',NULL,'2015-04-04 00:26:40','2015-04-04 00:26:40',NULL,NULL,NULL,NULL),(71,19,'大根はおろしておく。 ',NULL,'2015-04-09 09:58:02','2015-04-09 09:58:02',NULL,NULL,NULL,NULL),(72,19,'レタスは食べやすい大きさにちぎり、せりは7cmほどの長さに切り、えのきは石付を取る。',NULL,'2015-04-09 09:58:02','2015-04-09 09:58:02',NULL,NULL,NULL,NULL),(73,19,'昆布だしに1を汁ごと入れて火にかけ、温まったら、豚肉、レタス、せり、えのきをしゃぶしゃぶして汁ごと器に取り、ぽん酢をかけて食べる。',NULL,'2015-04-09 09:58:02','2015-04-09 09:58:02',NULL,NULL,NULL,NULL),(74,20,'なすとこんにゃくを切って、こんにゃくをフライパンで炒めて水気を飛ばす',NULL,'2015-04-16 04:13:30','2015-04-16 04:13:30',NULL,NULL,NULL,NULL),(75,20,'こんにゃく表面の水分が程よく飛んだら、油となすを入れて、強火で炒めます。',NULL,'2015-04-16 04:13:30','2015-04-16 04:13:30',NULL,NULL,NULL,NULL),(76,20,'油がこんにゃくとなすに馴染んだら、しょうゆ、砂糖、だしの素、とうがらしを投入！',NULL,'2015-04-16 04:13:30','2015-04-16 04:13:30',NULL,NULL,NULL,NULL),(77,20,'調味料の水気がなくなるまで、強火で炒めて、仕上げにごま油を回し入れ、香りがたったら出来上がり。',NULL,'2015-04-16 04:13:30','2015-04-16 04:13:30',NULL,NULL,NULL,NULL),(78,21,'黄ズッキーニと玉ねぎをベーコンで炒めて最後に豆乳を入れ、玉ねぎのシャキシャキ感が残るくらいに軽く煮立てて少し黒胡椒、のカルボナーラ風。',NULL,'2015-04-22 11:31:36','2015-04-22 11:31:36','202694_488016401208953_1121363881_o.jpg','image/jpeg',396662,'2015-04-22 11:31:33'),(79,21,'黄ズッキーニと玉ねぎをベーコンで炒めて最後に豆乳を入れ、玉ねぎのシャキシャキ感が残るくらいに軽く煮立てて少し黒胡椒、のカルボナーラ風。',NULL,'2015-04-22 11:31:36','2015-04-22 11:31:36','202694_488016401208953_1121363881_o.jpg','image/jpeg',396662,'2015-04-22 11:31:34'),(80,21,'黄ズッキーニと玉ねぎをベーコンで炒めて最後に豆乳を入れ、玉ねぎのシャキシャキ感が残るくらいに軽く煮立てて少し黒胡椒、のカルボナーラ風。',NULL,'2015-04-22 11:31:36','2015-04-22 11:31:36','202694_488016401208953_1121363881_o.jpg','image/jpeg',396662,'2015-04-22 11:31:35'),(81,22,'鰤のバルサミコ照焼き',NULL,'2015-04-22 11:36:50','2015-04-22 11:36:50','547944_562063867137539_299060201_n.jpg','image/jpeg',123017,'2015-04-22 11:36:49'),(82,22,'鰤のバルサミコ照焼き',NULL,'2015-04-22 11:36:50','2015-04-22 11:36:50','547944_562063867137539_299060201_n.jpg','image/jpeg',123017,'2015-04-22 11:36:49'),(83,23,'玉ねぎ、にんにくはみじん切り、ベーコンは0.5cm幅に切ります',NULL,'2015-04-30 13:00:12','2015-04-30 13:00:12','１.jpg','image/jpeg',24071,'2015-04-30 13:00:10'),(84,23,'しいたけ、マッシュルームは0.5ｃｍ幅に切り、しめじは石づきを切り落とし手でほぐす。パプリカは1口大に切る。',NULL,'2015-04-30 13:00:12','2015-04-30 13:00:12','２.jpg','image/jpeg',28176,'2015-04-30 13:00:10'),(85,23,'鍋にオリーブ油とにんにくを入れて弱火にかけ、香りが出てきたら玉ねぎとベーコンを炒める。',NULL,'2015-04-30 13:00:13','2015-04-30 13:00:13','３.jpg','image/jpeg',27002,'2015-04-30 13:00:11'),(86,23,'玉ねぎとベーコンに火が通ったら、きのことパプリカを加えて炒める。',NULL,'2015-04-30 13:00:13','2015-04-30 13:00:13','４.jpg','image/jpeg',27086,'2015-04-30 13:00:11'),(87,23,'ごはん、水、白ワインを加える。\r\n※様子を見て、水の量を調整してください。\r\n※水は少ない方が味がしっかりとつきますが、焦げやすくなるため注意。',NULL,'2015-04-30 13:00:13','2015-04-30 13:00:13','５.jpg','image/jpeg',29058,'2015-04-30 13:00:11'),(88,23,'顆粒コンソメを入れて味を調える。',NULL,'2015-04-30 13:00:13','2015-04-30 13:00:13','６.jpg','image/jpeg',28610,'2015-04-30 13:00:11'),(89,23,'カテージチーズを加え、煮詰める。',NULL,'2015-04-30 13:00:13','2015-04-30 13:00:13','７.jpg','image/jpeg',28864,'2015-04-30 13:00:12'),(90,23,'皿に盛り付け、黒こしょうを振り、レモン果汁をかけたら完成。',NULL,'2015-04-30 13:00:13','2015-04-30 13:00:13','８.jpg','image/jpeg',22094,'2015-04-30 13:00:12'),(91,24,'茄子はヘタw落として皮をむき、蒸し器に並べて強火で7～8分蒸す。',NULL,'2015-05-05 04:51:29','2015-05-05 04:51:29',NULL,NULL,NULL,NULL),(92,24,'モロヘイヤ葉を摘み取り、熱湯に塩を入れてさっと茹で、水にとりしっかりと水気を絞る。',NULL,'2015-05-05 04:51:29','2015-05-05 04:51:29',NULL,NULL,NULL,NULL),(93,24,'茹でたモロヘイヤ、調味料を加えてミキサーでなめらかになるまで回す。',NULL,'2015-05-05 04:51:29','2015-05-05 04:51:29',NULL,NULL,NULL,NULL),(94,24,'茄子を手で裂き、長さを2～3等分に切る。器に茄子を盛り付け、モロヘイヤソースをかけ、削り節を上にかける。',NULL,'2015-05-05 04:51:29','2015-05-05 04:51:29',NULL,NULL,NULL,NULL),(95,25,'Ａ，Ｃ の豆腐をザルにのせ３０分ほど置き軽く水切りする。',NULL,'2015-05-07 13:54:01','2015-05-07 13:55:28',NULL,NULL,NULL,NULL),(96,25,'Ｂは混ぜて冷蔵庫で冷やしておく。',NULL,'2015-05-07 13:54:01','2015-05-07 13:54:01',NULL,NULL,NULL,NULL),(97,25,'Ａの豆腐と②をミキサーに入れて撹拌する。',NULL,'2015-05-07 13:54:01','2015-05-07 13:54:01',NULL,NULL,NULL,NULL),(98,25,'Ｃ　の豆腐を４等分に切って器に入れ、③のポタージュを注ぎ入れる。',NULL,'2015-05-07 13:54:01','2015-05-07 13:55:57',NULL,NULL,NULL,NULL),(99,26,'えのき茸は３等分に切る。\r\n生ハムは細く切る。\r\nＡは合わせておく。',NULL,'2015-05-07 14:31:54','2015-05-07 14:31:54',NULL,NULL,NULL,NULL),(100,26,'フライパンにオリーブオイル、ニンニク、えのき茸を入れて炒める。',NULL,'2015-05-07 14:31:54','2015-05-07 14:31:54',NULL,NULL,NULL,NULL),(101,26,'えのき茸がしんなりしたら、Ａを入れ汁気がなくなるまで炒め、バットに移し粗熱を取る。',NULL,'2015-05-07 14:31:54','2015-05-07 14:31:54',NULL,NULL,NULL,NULL),(102,26,'生ハムも混ぜる。',NULL,'2015-05-07 14:31:54','2015-05-07 14:31:54',NULL,NULL,NULL,NULL),(103,27,'鯵は３枚におろし分量外の塩　少々を全体にして１０分程おき、水気をふく。',NULL,'2015-05-11 06:40:04','2015-05-11 06:40:04',NULL,NULL,NULL,NULL),(104,27,'骨を取り、薄皮をむく。',NULL,'2015-05-11 06:40:04','2015-05-11 06:40:04',NULL,NULL,NULL,NULL),(105,27,'包丁で細かく切り、千切りにした薬味（しその葉、茗荷、生姜）を混ぜる。',NULL,'2015-05-11 06:40:04','2015-05-11 06:40:04',NULL,NULL,NULL,NULL),(106,27,'味噌、醤油を味をみながら足し混ぜて味を調える。\r\n器に盛り付ける。',NULL,'2015-05-11 06:40:04','2015-05-11 06:40:04',NULL,NULL,NULL,NULL),(107,28,'小松菜は沸騰した湯で茹でてザルにあげ水気をきる。',NULL,'2015-05-11 07:25:16','2015-05-11 07:25:16',NULL,NULL,NULL,NULL),(108,28,'油揚げは2cm\r\n幅に切る。',NULL,'2015-05-11 07:25:16','2015-05-11 07:25:16',NULL,NULL,NULL,NULL),(109,28,'鍋にＡと油揚げを入れ煮立ったら、小①を混ぜ３０分程置いて器に盛り付ける。',NULL,'2015-05-11 07:25:16','2015-05-11 07:25:16',NULL,NULL,NULL,NULL),(110,29,'冷水に粉ゼラチンを振り入れ、ふやかしておく。',NULL,'2015-05-12 09:52:36','2015-05-12 09:52:36',NULL,NULL,NULL,NULL),(111,29,'ミキサーにとうもろこし、水、塩を入れてなめらかになるまで回す。',NULL,'2015-05-12 09:52:36','2015-05-12 09:52:36',NULL,NULL,NULL,NULL),(112,29,'鍋に移して費にかけ、人に立ちしたら塩、コショウで味を調えて火をとめる。ゼラチンを加えて溶かす。',NULL,'2015-05-12 09:52:36','2015-05-12 09:52:36',NULL,NULL,NULL,NULL),(113,29,'ボウルに移して調整豆乳を加え、氷水にあててとろみがついてきたらグラスに入れ、冷蔵庫で冷やし固める。',NULL,'2015-05-12 09:52:36','2015-05-12 09:52:36',NULL,NULL,NULL,NULL),(114,29,'トマトは湯むきをして種をtり、7～8mm角に切って冷蔵庫で冷やす。',NULL,'2015-05-12 09:52:36','2015-05-12 09:52:36',NULL,NULL,NULL,NULL),(115,29,'固まったとうもろこしのムースの上にトマトをのせてセルフィーユを飾る。',NULL,'2015-05-12 09:52:36','2015-05-12 09:52:36',NULL,NULL,NULL,NULL),(116,30,'・長ネギ、人参は2～3cm角に切る。・ひじきは水でン戻しておく。・かじきまぐろは2cm角、長芋は皮をむいて2cm角に切る。豆腐は水切りをする。',NULL,'2015-05-12 10:05:16','2015-05-12 10:05:16',NULL,NULL,NULL,NULL),(117,30,'フードプロセッサーにAを入れてみじん切りにする、。',NULL,'2015-05-12 10:05:16','2015-05-12 10:05:16','025.JPG','image/jpeg',445834,'2015-05-12 10:05:12'),(118,30,'Bを加えて滑らかになるまで回す。',NULL,'2015-05-12 10:05:16','2015-05-12 10:05:16','028.JPG','image/jpeg',573628,'2015-05-12 10:05:14'),(119,30,'お玉や大き目のスプーンで形を整えながら器に入れ、蒸気の上がった蒸し器で約8分蒸す。',NULL,'2015-05-12 10:05:16','2015-05-12 10:05:16',NULL,NULL,NULL,NULL),(120,30,'鍋に出し汁と調味料を加えてひと煮たちさせ、水溶き片栗粉でとろみをつける。',NULL,'2015-05-12 10:05:16','2015-05-12 10:05:16',NULL,NULL,NULL,NULL),(121,30,'蒸し上がった4にあんをかけ、大根おろし、1cm幅に切った三つ葉を添える。',NULL,'2015-05-12 10:05:16','2015-05-12 10:05:16',NULL,NULL,NULL,NULL),(122,31,'きんぴらセットを水洗いして、軽く下茹でする。',NULL,'2015-05-13 05:43:50','2015-05-13 05:43:50',NULL,NULL,NULL,NULL),(123,31,'熱した鍋にオリーブオイルを入れ、\r\n・斜め切りしたネギ\r\n・下ゆでしたきんぴらセット\r\nをさっと炒めて、ひたひたになるまで水を入れて煮る。',NULL,'2015-05-13 05:43:50','2015-05-13 05:43:50',NULL,NULL,NULL,NULL),(124,31,'ゴボウが柔らかくなったら塩で味を調えて、皿に盛り、糸寒天をたっぷり入れて完成\r\n※醤油を隠し味に入れても良い。\r\n※糸寒天は皿に取り分けてから入れること。',NULL,'2015-05-13 05:43:50','2015-05-13 05:43:50',NULL,NULL,NULL,NULL),(125,32,'【豚肉の生姜蒸し】\r\n・フライパンに湯を沸かし、豚肉をさっと洗いザルに空ける\r\n・フライパンを洗って、くし切りにしたタマネギ、洗ったモヤシを敷き詰め、その上に豚肉を乗せる。\r\n・フタをしてごく弱火で蒸し煮をする。\r\n・全体にしんなりしたら、好みの生姜焼きのタレを入れ味をなじませる。\r\n・ピーマンは種をとり適当な細さに切り、皿に盛った肉や野菜の上に乗せる（余熱でしんなりする）',NULL,'2015-05-13 06:06:08','2015-05-13 06:07:11',NULL,NULL,NULL,NULL),(126,32,'【ゴボウとニンジン】\r\n良く洗ってから少し塩を入れた水に放ち、そのまま歯ごたえが残る程度に茹でる。',NULL,'2015-05-13 06:06:08','2015-05-13 06:06:08',NULL,NULL,NULL,NULL),(127,32,'キャベツは良く洗い手でちぎり、蒸し煮にする・',NULL,'2015-05-13 06:06:08','2015-05-13 06:06:08',NULL,NULL,NULL,NULL);
/*!40000 ALTER TABLE `procedures` ENABLE KEYS */;
UNLOCK TABLES;

--
-- Table structure for table `recipes`
--

DROP TABLE IF EXISTS `recipes`;
/*!40101 SET @saved_cs_client     = @@character_set_client */;
/*!40101 SET character_set_client = utf8 */;
CREATE TABLE `recipes` (
  `id` int(11) NOT NULL AUTO_INCREMENT,
  `name` varchar(255) DEFAULT NULL,
  `description` text,
  `user_id` int(11) DEFAULT NULL,
  `created_at` datetime DEFAULT NULL,
  `updated_at` datetime DEFAULT NULL,
  `tip` text,
  `calorie` int(11) DEFAULT NULL,
  `image` varchar(255) DEFAULT NULL,
  `recipe_select` int(11) DEFAULT NULL,
  `favorite_number` int(11) DEFAULT NULL,
  `kind` int(11) DEFAULT NULL,
  `image_file_name` varchar(255) DEFAULT NULL,
  `image_content_type` varchar(255) DEFAULT NULL,
  `image_file_size` int(11) DEFAULT NULL,
  `image_updated_at` datetime DEFAULT NULL,
  `category` int(11) DEFAULT NULL,
  `people` int(11) DEFAULT NULL,
  PRIMARY KEY (`id`)
) ENGINE=InnoDB AUTO_INCREMENT=33 DEFAULT CHARSET=utf8;
/*!40101 SET character_set_client = @saved_cs_client */;

--
-- Dumping data for table `recipes`
--

LOCK TABLES `recipes` WRITE;
/*!40000 ALTER TABLE `recipes` DISABLE KEYS */;
INSERT INTO `recipes` VALUES (1,'test1','test',1,'2015-03-27 08:22:13','2015-03-27 08:23:42','',NULL,NULL,1,NULL,NULL,NULL,NULL,NULL,NULL,NULL,NULL),(2,'test2','test',1,'2015-03-27 08:22:27','2015-03-27 08:24:03','',NULL,NULL,2,NULL,NULL,NULL,NULL,NULL,NULL,NULL,NULL),(3,'test3','test',1,'2015-03-27 08:23:00','2015-03-27 08:23:00','',NULL,NULL,2,NULL,NULL,NULL,NULL,NULL,NULL,NULL,NULL),(4,'✿アボカドと豆腐のサラダわさびソース✿','和と伊のコラボ♪\r\nオリーブオイルにわさび醤油の\r\nソースでアボカド豆腐♪',2,'2015-03-30 02:51:04','2015-03-30 02:51:04','わさびに少量ずつオリーブオイルを入れながら混ぜると良く合わさります。',NULL,NULL,2,NULL,7,'abokado5.jpg','image/jpeg',11642,'2015-03-30 02:51:02',NULL,NULL),(5,'糖質オフ】高野豆腐衣の豚カツ','パン粉の代わりに高野豆腐を使って糖質オフ！粉チーズを混ぜた衣はサクッと軽く、風味も豊か♪揚げたてアツアツを召し上がれ！',2,'2015-03-30 02:55:57','2015-03-30 02:55:57','パン粉は糖質が多いので、高野豆腐で代用します。アーモンドやごまを使ってもOK！小麦粉も最小限にしたいので、豚肉の水気をふいてから粉を軽くはたきつけるようにしましょう。そのままでもおいしいですが、味が薄い場合は少し塩をふっていただきましょう',NULL,NULL,1,NULL,2,'katu.jpg','image/jpeg',31700,'2015-03-30 02:55:57',NULL,NULL),(6,'キャベツのうまたれで食す◇春じゃこワカメ','春になると美味しいワカメの新芽と釜揚げじゃこがお店に並んで嬉しいな♫味付けはこれがイチ押しです✿',2,'2015-03-30 02:58:32','2015-03-30 02:58:32','いろんなものにキャベツのうまたれをかけて食べてみましたが　ワカメが一番合うと思います。\r\nレシピにするほどの料理ではありませんが　献立に載せたかったのでレシピアップしました。',NULL,NULL,2,NULL,7,'kyabetu.jpg','image/jpeg',38969,'2015-03-30 02:58:32',NULL,NULL),(7,'☆糖質制限☆簡単コラーゲン梅酒ゼリー','何か甘くて冷たいデザートが食べたい♪美肌も気になる…糖質制限中の我々のために☆コラーゲンたっぷり簡単すぎる手作りゼリー♪',2,'2015-03-31 04:50:13','2015-03-31 04:50:13','ボウルも要らないし、カップ１つでできちゃうので、簡単すぎて毎日食べちゃいそうです(*￣∇￣*)お酒に弱い方やお子様には、梅ジュースで作ってくださいね☆紅茶ver.とコーヒーver.もぜひ♪',NULL,NULL,2,NULL,11,'image.jpg','image/jpeg',39926,'2015-03-31 04:50:12',NULL,NULL),(8,'豆腐ハンバーグと発芽玄米ご飯で作るヘルシーロコモコ','市販の豆腐ハンバーグと発芽玄米を使って作る簡単ヘルシーロコモコです。',3,'2015-04-02 00:15:37','2015-04-02 00:15:37','①は多めに作るとご飯全体にソースが絡むので多めをお勧めします。マヨネーズは（トクホ）を利用するとカロリーや脂質も下がります。',NULL,NULL,1,NULL,10,'DSC_0163.jpg','image/jpeg',299974,'2015-04-02 00:15:36',NULL,NULL),(9,'玄米ご飯の野菜たっぷりヘルシータコライス','セロリが嫌いな方でもセロリがクリア出来るとってもヘルシーで簡単メニューです。',3,'2015-04-02 03:43:18','2015-04-02 03:44:05','香味野菜のえぐみを飛ばす為にも最初に野菜をしっかり炒めましょう。肉より野菜を多めにする事で食感とボリュームを楽しめるヘルシー料理です。',NULL,NULL,1,NULL,10,'DSC_0326.jpg','image/jpeg',193408,'2015-04-02 03:44:04',NULL,NULL),(10,'セロリの葉とカブやトマトを使ったヘルシーグラタン','セロリの葉やスープセロリ、プチトマトを使ってセロリやトマトが苦手の方でも食べ易いヘルシーグラタンです。',3,'2015-04-02 08:24:09','2015-04-02 08:24:09','トマトはプチトマトの方が食感が食べやすいです。焼きあがった後にオリーブオイルを少量かける事で艶が出てパセリを散らす事で色合いも鮮やかに仕上がります。',NULL,NULL,1,NULL,5,'DSC_0269.jpg','image/jpeg',1342166,'2015-04-02 08:24:07',NULL,NULL),(11,'ブリの漬け','ブリのお刺身を漬けにして美味しく頂きます。',3,'2015-04-03 00:47:16','2015-04-03 00:47:16','ご飯にのせても食べても美味しいです。',NULL,NULL,1,NULL,3,'62de1faebef9b49a48ac987ec035f71a6eb044d.jpg','image/jpeg',454152,'2015-04-03 00:47:15',NULL,NULL),(12,'ショウガと野菜たっぷり豚汁','生姜を入れる事で身体もお腹も温まり新陳代謝促進にもなるおすすめメニューです。',3,'2015-04-03 00:56:31','2015-04-03 00:56:31','生姜を入れる事、豚肉を軽くごま油で炒める事でコクのある豚汁に仕上がります。',NULL,NULL,2,NULL,8,'34b4fdcc31af477d5086467e3cabaf48.jpg','image/jpeg',240397,'2015-04-03 00:56:30',NULL,NULL),(13,'ミックスビーンズの簡単ヘルシーサラダ','缶詰めや袋詰めのミックスビーンズを使った簡単サラダです。',3,'2015-04-03 01:08:38','2015-04-03 01:08:57','ワサビはお好みで量を調整してください。サウザンドレッシングはヘルシーにする為にはノンオイルタイプをお勧めします。',NULL,NULL,2,NULL,7,'4f99e8516b8bf1798f854a02a045a8a5.jpg','image/jpeg',45129,'2015-04-03 01:08:56',NULL,NULL),(14,'温玉乗せヘルシーしょうが焼き丼','温玉と赤ピーマン、しし唐（お好みでピーマンに）ネギ、生姜焼きを盛り合わせる事で彩り鮮やか野菜たっぷりのヘルシーしょうが焼き丼になります。',3,'2015-04-03 23:51:52','2015-04-03 23:51:52','生姜焼きのタレがあっさりしている為、ボリューム感たっぶりでもあっさりヘルシーに生姜焼きが楽しめます。',NULL,NULL,1,NULL,2,'3b535e9e2d59f597c639c1b086812d8f087d9ca.jpg','image/jpeg',422839,'2015-04-03 23:51:49',NULL,NULL),(15,'温玉乗せヘルシーしょうが焼き丼','温玉と赤ピーマン、しし唐（お好みでピーマンに）ネギ、生姜焼きを盛り合わせる事で彩り鮮やか野菜たっぷりのヘルシーしょうが焼き丼になります。',3,'2015-04-03 23:51:56','2015-04-03 23:51:56','生姜焼きのタレがあっさりしている為、ボリューム感たっぶりでもあっさりヘルシーに生姜焼きが楽しめます。',NULL,NULL,1,NULL,2,'3b535e9e2d59f597c639c1b086812d8f087d9ca.jpg','image/jpeg',422839,'2015-04-03 23:51:53',NULL,NULL),(16,'朝の簡単ラピュタパン','ラピュタパンのタマゴをオムレツ風にして食べやすくしてみました。',3,'2015-04-04 00:00:15','2015-04-04 00:00:15','卵焼きは黄身を8割完熟に近い半熟にしておくと食べる頃にはちょうど良い硬になります。',NULL,NULL,1,NULL,12,'7aa8c57758f2f601f75ea1385f5753fb9a4c7e9.jpg','image/jpeg',383231,'2015-04-04 00:00:14',NULL,NULL),(17,'シラスのおろし合え','簡単でも先付にはとてもおしゃれでおもてなしにも最適です。',3,'2015-04-04 00:07:02','2015-04-04 00:07:02','大根おろしは絞って水気を切ると旨みも逃げるのでザルで水を切りましょう。',NULL,NULL,2,NULL,3,'DSC_0327.jpg','image/jpeg',1642331,'2015-04-04 00:07:00',NULL,NULL),(18,'生姜入りクラムチャウダー','市販のクラムチャウダーに生姜を入れる事により新陳代謝も良くなりお腹も温まる美味しい１品になります。',3,'2015-04-04 00:26:40','2015-04-04 00:26:40','最初にダマにならない様にしっかり混ぜて、生姜は最期のひと煮立で入れましょう。',NULL,NULL,2,NULL,8,'IMG_0046.JPG','image/jpeg',61986,'2015-04-04 00:26:39',NULL,NULL),(19,'みぞれしゃぶしゃぶ鍋','',4,'2015-04-09 09:58:02','2015-04-09 10:10:41','大根には消化酵素が豊富。温めた大根おろしで胃腸をいたわり消化を助けてくれます。大根おろしは、目の粗い鬼おろしにすると、噛みごたえのある食感になります。豚肉のほか、白身魚、豆腐、油揚げでも美味しくいただけます。',248,NULL,2,NULL,2,'無題.png','image/png',155733,'2015-04-09 10:10:40',NULL,1),(20,'★糖質制限★こんにゃくとなすの甘辛煮炒め','',4,'2015-04-16 04:13:30','2015-04-16 04:13:30','ごま油が決め手の甘辛煮炒め。糖質制限メニューなので、砂糖控えめ。お好みで調節下さい',NULL,NULL,1,NULL,1,'7943a4f8159d7913a26a52b68f6f47c5.jpg','image/jpeg',30486,'2015-04-16 04:13:29',NULL,2),(21,'ズッキーニのカルボナーラ風','黄ズッキーニと玉ねぎをベーコンで炒めて最後に豆乳を入れ、玉ねぎのシャキシャキ感が残るくらいに軽く煮立てて少し黒胡椒、のカルボナーラ風。',8,'2015-04-22 11:31:36','2015-04-22 11:31:36','黄ズッキーニと玉ねぎをベーコンで炒めて最後に豆乳を入れ、玉ねぎのシャキシャキ感が残るくらいに軽く煮立てて少し黒胡椒、のカルボナーラ風。',150,NULL,2,NULL,1,'202694_488016401208953_1121363881_o.jpg','image/jpeg',396662,'2015-04-22 11:31:32',NULL,2),(22,'鰤のバルサミコ照焼き','冷蔵庫に残っていた鰤の切り身を早く使わなきゃということを思い出し、ちゃちゃっと一品。\r\n鰤を日本酒につけて臭みを取り、いったん取り出して水気を拭く。塩をふりバルサミコ酢に漬けて10分。\r\nフライパンでお葱と一緒に焼き、仕上げにみりんを加えた漬け汁をかけて、鰤のバルサミコ照焼き。\r\n明日の朝ごはんはこれときのこ汁。おやすみなさい！',8,'2015-04-22 11:36:50','2015-04-22 11:37:22','冷蔵庫に残っていた鰤の切り身を早く使わなきゃということを思い出し、ちゃちゃっと一品。\r\n鰤を日本酒につけて臭みを取り、いったん取り出して水気を拭く。塩をふりバルサミコ酢に漬けて10分。\r\nフライパンでお葱と一緒に焼き、仕上げにみりんを加えた漬け汁をかけて、鰤のバルサミコ照焼き。\r\n明日の朝ごはんはこれときのこ汁。おやすみなさい！',NULL,NULL,1,NULL,3,'547944_562063867137539_299060201_n.jpg','image/jpeg',123017,'2015-04-22 11:36:48',NULL,2),(23,'きのこのリゾット','レモンがさわやかな野菜たっぷりリゾット',4,'2015-04-30 13:00:12','2015-04-30 13:00:12','サラダなどに使われるイメージの強いカッテージチーズですが、リゾットに使うことで脂質量を減らすことができます',448,NULL,1,NULL,4,'img_rice27_01.jpg','image/jpeg',65320,'2015-04-30 13:00:10',NULL,2),(24,'蒸しナス～モロヘイヤソース～','モロヘイヤのおいしい食べ方のご紹介です。',9,'2015-05-05 04:51:29','2015-05-05 05:02:02','そうめんのつけタレとして加えてもおいしくいただけます。',31,NULL,2,NULL,1,'蒸しナスのモロヘイヤソース.jpg','image/jpeg',63573,'2015-05-05 04:56:11',NULL,4),(25,'まったり豆腐のポタージュ～塩麹が隠し味','優しい豆腐の簡単な冷製ポタージュ。盛り付けの器を工夫すればおもてなし料理にもなります。\r\n',10,'2015-05-07 13:54:01','2015-05-07 14:06:30','出汁は昆布とかつお節で濃いめにとると香りよく、旨みあるポタージュになります。\r\nお好みで白玉団子を添えたり、クコの実をのせると、おもてなし料理になります。\r\n卸し生姜をのせたり、粗挽き黒こしょうを散らしても美味しいです。',NULL,NULL,2,NULL,8,'IMG_6469.JPG','image/jpeg',746870,'2015-05-07 13:53:59',NULL,4),(26,'生ハムなめ茸','パンにも合う洋風ななめ茸。短時間で簡単にできて、常備菜にもなります。',10,'2015-05-07 14:31:54','2015-05-07 14:31:54','リンゴ酢でなく普段ある酢でも良いですが、リンゴ酢で作ると優しい味わいになります。\r\nバケットや、トーストにのせても美味しい。',NULL,NULL,2,NULL,1,'IMG_6951.JPG','image/jpeg',760358,'2015-05-07 14:31:53',NULL,3),(27,'鯵のなめろう','\r\n鯵のたたきに味噌で味をつけたもの。鯵は低脂肪、高タンパク、不飽和脂肪酸も多く含まれ、生活習慣病の予防になる栄養バランスの良い魚。',10,'2015-05-11 06:40:04','2015-05-11 06:40:44','刺身用の鯵を使えば作り方３からで簡単に作れます。\r\n量により、主菜にも副菜にもなる一品。',NULL,NULL,1,NULL,3,'IMG_7671.JPG','image/jpeg',446649,'2015-05-11 06:40:02',NULL,0),(28,'小松菜と油揚げの煮びたし','カルシウム、ビタミン豊富な小松菜と油揚げの煮びたし。',10,'2015-05-11 07:25:16','2015-05-11 07:25:16','糖質制限食には低カロリー、カロリー０甘味料を\r\n使用して作ると良いです。\r\n',NULL,NULL,2,NULL,1,NULL,NULL,NULL,NULL,NULL,0),(29,'トウモロコシのムース','夏らしいさわやかなムースです。',9,'2015-05-12 09:52:36','2015-05-12 09:52:36','缶詰めを使って手軽に作れる1品です。',NULL,NULL,2,NULL,1,'とうもろこしのムース.jpg','image/jpeg',566505,'2015-05-12 09:52:34',NULL,4),(30,'やわらか蒸しとろろ和風ハンバーグ','野菜や魚、豆腐などが沢山入った栄養満点の和風ハンバーグです。',9,'2015-05-12 10:05:16','2015-05-12 10:06:26','かじきまぐろの代用として、鶏むね肉などでも代用してもおいしく頂けます。',NULL,NULL,1,NULL,1,'さかなのむしとろろハンバーグ.jpg','image/jpeg',649683,'2015-05-12 10:06:24',NULL,4),(31,'地味だけど滋味な簡単ゴボウスープ','キンピラゴボウ用に売っている細く刻んだゴボウを使って、気軽に食物繊維たっぷりのスープを作りました。',11,'2015-05-13 05:43:50','2015-05-13 05:43:50','※お好みでコンソメスープの素を入れてもよいが、ゴボウの滋味を楽しむのならこのままで。',NULL,NULL,2,NULL,8,'10985383_648681321899256_8008098820898998601_n.jpg','image/jpeg',13166,'2015-05-13 05:43:50',NULL,0),(32,'茹でて蒸しただけのヘルシープレート','油分は一切使わずに、食感や、素材そのものの味を楽しみます。',11,'2015-05-13 06:06:08','2015-05-13 06:06:08','※豚肉を湯で洗うことで、余分な脂や臭みが抜ける。\r\n※付け合せの野菜は、家族各々好みの味付けをして楽しむ。\r\n例：わさび醤油。醤油マヨなど。',NULL,NULL,1,NULL,2,'11224784_648686371898751_46378445875848616_n.jpg','image/jpeg',22419,'2015-05-13 06:06:08',NULL,0);
/*!40000 ALTER TABLE `recipes` ENABLE KEYS */;
UNLOCK TABLES;

--
-- Table structure for table `schema_migrations`
--

DROP TABLE IF EXISTS `schema_migrations`;
/*!40101 SET @saved_cs_client     = @@character_set_client */;
/*!40101 SET character_set_client = utf8 */;
CREATE TABLE `schema_migrations` (
  `version` varchar(255) NOT NULL,
  UNIQUE KEY `unique_schema_migrations` (`version`)
) ENGINE=InnoDB DEFAULT CHARSET=utf8;
/*!40101 SET character_set_client = @saved_cs_client */;

--
-- Dumping data for table `schema_migrations`
--

LOCK TABLES `schema_migrations` WRITE;
/*!40000 ALTER TABLE `schema_migrations` DISABLE KEYS */;
INSERT INTO `schema_migrations` VALUES ('20150208092620'),('20150208093424'),('20150208130058'),('20150209073748'),('20150209074138'),('20150209084719'),('20150211085700'),('20150211095246'),('20150211113538'),('20150211115126'),('20150211144211'),('20150211164212'),('20150211164220'),('20150211202229'),('20150211202245'),('20150211205118'),('20150211205232'),('20150211205339'),('20150211205443'),('20150211205509'),('20150211205653'),('20150211210127'),('20150211210702'),('20150212091041'),('20150212091945'),('20150212132658'),('20150212150307'),('20150212150410'),('20150213075058'),('20150213083801'),('20150213084257'),('20150213084342'),('20150213141726'),('20150214201734'),('20150215094344'),('20150220232241'),('20150222053651'),('20150223213349'),('20150225084218'),('20150225201222'),('20150225203106'),('20150225210322'),('20150226045850'),('20150226073207'),('20150226082454'),('20150310081631'),('20150311021246'),('20150311032706'),('20150312070610'),('20150313070911'),('20150313071416'),('20150313071427'),('20150313071438'),('20150313071449'),('20150326064432'),('20150326064546'),('20150326064607'),('20150330051545'),('20150330145249'),('20150330230005'),('20150330231240'),('20150331054011'),('20150331054115'),('20150331054129'),('20150331054136'),('20150405170657'),('20150408151100'),('20150422154618');
/*!40000 ALTER TABLE `schema_migrations` ENABLE KEYS */;
UNLOCK TABLES;

--
-- Table structure for table `users`
--

DROP TABLE IF EXISTS `users`;
/*!40101 SET @saved_cs_client     = @@character_set_client */;
/*!40101 SET character_set_client = utf8 */;
CREATE TABLE `users` (
  `id` int(11) NOT NULL AUTO_INCREMENT,
  `gender` varchar(255) DEFAULT NULL,
  `created_at` datetime DEFAULT NULL,
  `updated_at` datetime DEFAULT NULL,
  `email` varchar(255) DEFAULT NULL,
  `image` varchar(255) DEFAULT NULL,
  `encrypted_password` varchar(255) NOT NULL DEFAULT '',
  `reset_password_token` varchar(255) DEFAULT NULL,
  `reset_password_sent_at` datetime DEFAULT NULL,
  `remember_created_at` datetime DEFAULT NULL,
  `sign_in_count` int(11) NOT NULL DEFAULT '0',
  `current_sign_in_at` datetime DEFAULT NULL,
  `last_sign_in_at` datetime DEFAULT NULL,
  `current_sign_in_ip` varchar(255) DEFAULT NULL,
  `last_sign_in_ip` varchar(255) DEFAULT NULL,
  `uid` varchar(255) NOT NULL DEFAULT '',
  `provider` varchar(255) NOT NULL DEFAULT '',
  `name` varchar(255) DEFAULT NULL,
  `image_file_name` varchar(255) DEFAULT NULL,
  `image_content_type` varchar(255) DEFAULT NULL,
  `image_file_size` int(11) DEFAULT NULL,
  `image_updated_at` datetime DEFAULT NULL,
  `password_digest` varchar(255) DEFAULT NULL,
  PRIMARY KEY (`id`),
  UNIQUE KEY `index_users_on_email` (`email`) USING BTREE,
  UNIQUE KEY `index_users_on_reset_password_token` (`reset_password_token`) USING BTREE,
  KEY `index_users_on_uid_and_provider` (`uid`,`provider`) USING BTREE
) ENGINE=InnoDB AUTO_INCREMENT=12 DEFAULT CHARSET=utf8;
/*!40101 SET character_set_client = @saved_cs_client */;

--
-- Dumping data for table `users`
--

LOCK TABLES `users` WRITE;
/*!40000 ALTER TABLE `users` DISABLE KEYS */;
INSERT INTO `users` VALUES (1,'1','2015-03-30 02:39:43','2015-03-30 02:39:43','test@gmail.com',NULL,'$2a$10$1xEbqk6/EC4GwJU4zGII2utnPtWp3x/C6zEvzM01EaV.BN4.bOQPi',NULL,NULL,NULL,0,NULL,NULL,NULL,NULL,'','','test',NULL,NULL,NULL,NULL,NULL),(2,NULL,'2015-03-30 02:40:11','2015-05-08 05:17:47',NULL,NULL,'$2a$10$ijduBREXIBpg/VoTSlmngeeAwxzhik6tWI/J9YFxycCtcHtXKsTXO',NULL,NULL,NULL,8,'2015-05-08 05:17:47','2015-04-30 23:36:06','1.73.92.195','121.116.122.46','638059616326900','facebook','Aya Minagawa','10906527_605436812922514_8597821953434560898_n.jpg','image/jpeg',1690,'2015-03-30 02:40:11',NULL),(3,NULL,'2015-04-01 23:29:50','2015-05-14 03:16:54','kajiwara@ex-cava.jp',NULL,'$2a$10$lSjpnNRUzPBXjTMyx8sO/OSbvfYh1BHb2GVNDxEnstBgw8CecqWWC',NULL,NULL,NULL,19,'2015-05-14 03:16:54','2015-04-23 03:12:58','114.198.192.25','114.198.192.25','788177671267536','facebook','Kikue  kajiwara','1475888_560437647374874_199029486_n.jpg','image/jpeg',1671,'2015-04-01 23:29:50',NULL),(4,NULL,'2015-04-03 07:08:06','2015-05-01 02:26:13','katoy@earthjapan.com',NULL,'$2a$10$bolgYGdtb5VRzBx9YZ/sO.GIj/NrK8X6IAgivdZkAD3NtXryd6.oq',NULL,NULL,NULL,11,'2015-05-01 02:26:13','2015-04-30 12:52:05','126.152.160.66','143.90.181.18','777198449030288','facebook','Yoshihiro Kato','408317_210910105659128_1594106863_n.jpg','image/jpeg',1590,'2015-04-03 07:08:06',NULL),(6,NULL,'2015-04-06 06:48:11','2015-04-06 06:48:11','25e06836-30a0-4d68-9157-95a2d116e9ba@example.com',NULL,'$2a$10$t8Oe98g8deDrxYZtcnisg.x.l2ZdvWzfYTGhWUdG37Hw4TKRIKmPi',NULL,NULL,NULL,1,'2015-04-06 06:48:11','2015-04-06 06:48:11','121.116.122.46','121.116.122.46','822546907','twitter','aa_y2','JOJeFVPm_normal.jpeg','image/jpeg',1503,'2015-04-06 06:48:11',NULL),(7,NULL,'2015-04-17 02:40:13','2015-05-01 02:29:53','muraikenta0507@yahoo.co.jp',NULL,'$2a$10$Ay0FJ1rJEvYOvgyEIoR3xe9NTnOff1vFYCyecndaOrRoaj6gQSiCW',NULL,NULL,NULL,2,'2015-05-01 02:29:53','2015-04-17 02:40:13','126.255.78.74','126.254.138.227','783319891752547','facebook','Kenta Murai','552260_335250579892816_203408626_n.jpg','image/jpeg',1690,'2015-04-17 02:40:13',NULL),(8,NULL,'2015-04-22 11:27:08','2015-04-22 11:33:13','kayokunieda@gmail.com',NULL,'$2a$10$KaCkszBsq/A0UoUqT24rAePT37.QIgG1fGoxJRherNehci5znYDAW',NULL,NULL,NULL,1,'2015-04-22 11:27:08','2015-04-22 11:27:08','122.216.67.204','122.216.67.204','971645436179378','facebook','國枝加誉','1556435_845766175433972_2833892888348290751_o.jpg','image/jpeg',140409,'2015-04-22 11:33:12',NULL),(9,NULL,'2015-05-05 04:41:15','2015-05-12 21:20:36','ayapanda.19810602@ezweb.ne.jp',NULL,'$2a$10$doSpi6o.EvoPX3Ag9ulffuxCq7EKNVUwBVd8qEs0WZQLoVvvpb5hG',NULL,NULL,NULL,3,'2015-05-12 21:20:36','2015-05-12 08:53:22','36.11.67.8','36.11.67.8','837272199721214','facebook','Aya Nogawa','10171775_790150671100034_4815864496164934123_n.jpg','image/jpeg',1842,'2015-05-05 04:41:15',NULL),(10,'2','2015-05-07 13:14:10','2015-05-11 07:36:49','info@s-rouge.com',NULL,'$2a$10$bUMaUULsy5.mqgWVNyTF9uwxBTEr5BL1hOuCFE.pT103xolFc7ovu',NULL,NULL,NULL,10,'2015-05-11 07:36:49','2015-05-11 06:54:35','220.215.164.37','220.215.164.37','0edc490f-0a02-429f-aa44-be4b96b45c32','','ナオ','IMG_6971.JPG','image/jpeg',818103,'2015-05-07 13:14:09',NULL),(11,'2','2015-05-13 05:34:16','2015-05-13 11:22:21','field-art@canvas.ocn.ne.jp',NULL,'$2a$10$UEnJMPC91f6b5TRgvY6rdu0IXdRM6omA1dE/7v9VVC0Wn1wM4aOCW',NULL,NULL,'2015-05-13 11:20:30',2,'2015-05-13 11:20:30','2015-05-13 05:34:16','61.119.139.199','61.119.139.199','f1ae3527-14e8-4fc7-881e-a972f814c942','','tamashigi','1619561_563132627120793_1789617497375085603_n.jpg','image/jpeg',16275,'2015-05-13 11:22:21',NULL);
/*!40000 ALTER TABLE `users` ENABLE KEYS */;
UNLOCK TABLES;

--
-- Dumping routines for database 'dnote'
--
/*!40103 SET TIME_ZONE=@OLD_TIME_ZONE */;

/*!40101 SET SQL_MODE=@OLD_SQL_MODE */;
/*!40014 SET FOREIGN_KEY_CHECKS=@OLD_FOREIGN_KEY_CHECKS */;
/*!40014 SET UNIQUE_CHECKS=@OLD_UNIQUE_CHECKS */;
/*!40101 SET CHARACTER_SET_CLIENT=@OLD_CHARACTER_SET_CLIENT */;
/*!40101 SET CHARACTER_SET_RESULTS=@OLD_CHARACTER_SET_RESULTS */;
/*!40101 SET COLLATION_CONNECTION=@OLD_COLLATION_CONNECTION */;
/*!40111 SET SQL_NOTES=@OLD_SQL_NOTES */;

-- Dump completed on 2015-05-14 17:53:27
